"","leto","mesec","dan","rojeni"
"1",2009,1,1,47
"2",2009,1,2,44
"3",2009,1,3,49
"4",2009,1,4,48
"5",2009,1,5,80
"6",2009,1,6,82
"7",2009,1,7,71
"8",2009,1,8,60
"9",2009,1,9,74
"10",2009,1,10,50
"11",2009,1,11,48
"12",2009,1,12,78
"13",2009,1,13,65
"14",2009,1,14,55
"15",2009,1,15,65
"16",2009,1,16,70
"17",2009,1,17,58
"18",2009,1,18,37
"19",2009,1,19,75
"20",2009,1,20,63
"21",2009,1,21,47
"22",2009,1,22,63
"23",2009,1,23,71
"24",2009,1,24,65
"25",2009,1,25,62
"26",2009,1,26,61
"27",2009,1,27,62
"28",2009,1,28,46
"29",2009,1,29,62
"30",2009,1,30,67
"31",2009,1,31,54
"32",2009,2,1,45
"33",2009,2,2,64
"34",2009,2,3,73
"35",2009,2,4,52
"36",2009,2,5,53
"37",2009,2,6,64
"38",2009,2,7,49
"39",2009,2,8,43
"40",2009,2,9,61
"41",2009,2,10,61
"42",2009,2,11,51
"43",2009,2,12,65
"44",2009,2,13,61
"45",2009,2,14,47
"46",2009,2,15,55
"47",2009,2,16,66
"48",2009,2,17,56
"49",2009,2,18,55
"50",2009,2,19,55
"51",2009,2,20,56
"52",2009,2,21,49
"53",2009,2,22,45
"54",2009,2,23,61
"55",2009,2,24,46
"56",2009,2,25,52
"57",2009,2,26,56
"58",2009,2,27,58
"59",2009,2,28,39
"60",2009,3,1,43
"61",2009,3,2,62
"62",2009,3,3,72
"63",2009,3,4,70
"64",2009,3,5,64
"65",2009,3,6,63
"66",2009,3,7,53
"67",2009,3,8,44
"68",2009,3,9,60
"69",2009,3,10,65
"70",2009,3,11,44
"71",2009,3,12,59
"72",2009,3,13,72
"73",2009,3,14,48
"74",2009,3,15,37
"75",2009,3,16,49
"76",2009,3,17,52
"77",2009,3,18,55
"78",2009,3,19,66
"79",2009,3,20,62
"80",2009,3,21,46
"81",2009,3,22,40
"82",2009,3,23,60
"83",2009,3,24,61
"84",2009,3,25,68
"85",2009,3,26,49
"86",2009,3,27,79
"87",2009,3,28,43
"88",2009,3,29,49
"89",2009,3,30,71
"90",2009,3,31,61
"91",2009,4,1,50
"92",2009,4,2,78
"93",2009,4,3,71
"94",2009,4,4,41
"95",2009,4,5,51
"96",2009,4,6,63
"97",2009,4,7,65
"98",2009,4,8,49
"99",2009,4,9,66
"100",2009,4,10,64
"101",2009,4,11,44
"102",2009,4,12,56
"103",2009,4,13,47
"104",2009,4,14,72
"105",2009,4,15,68
"106",2009,4,16,57
"107",2009,4,17,61
"108",2009,4,18,49
"109",2009,4,19,58
"110",2009,4,20,65
"111",2009,4,21,57
"112",2009,4,22,55
"113",2009,4,23,56
"114",2009,4,24,51
"115",2009,4,25,52
"116",2009,4,26,41
"117",2009,4,27,46
"118",2009,4,28,68
"119",2009,4,29,64
"120",2009,4,30,79
"121",2009,5,1,65
"122",2009,5,2,39
"123",2009,5,3,55
"124",2009,5,4,78
"125",2009,5,5,66
"126",2009,5,6,67
"127",2009,5,7,69
"128",2009,5,8,75
"129",2009,5,9,68
"130",2009,5,10,48
"131",2009,5,11,54
"132",2009,5,12,64
"133",2009,5,13,71
"134",2009,5,14,59
"135",2009,5,15,66
"136",2009,5,16,59
"137",2009,5,17,47
"138",2009,5,18,65
"139",2009,5,19,72
"140",2009,5,20,66
"141",2009,5,21,83
"142",2009,5,22,54
"143",2009,5,23,41
"144",2009,5,24,52
"145",2009,5,25,71
"146",2009,5,26,68
"147",2009,5,27,75
"148",2009,5,28,51
"149",2009,5,29,61
"150",2009,5,30,54
"151",2009,5,31,44
"152",2009,6,1,62
"153",2009,6,2,65
"154",2009,6,3,65
"155",2009,6,4,72
"156",2009,6,5,61
"157",2009,6,6,55
"158",2009,6,7,41
"159",2009,6,8,59
"160",2009,6,9,64
"161",2009,6,10,77
"162",2009,6,11,57
"163",2009,6,12,66
"164",2009,6,13,49
"165",2009,6,14,33
"166",2009,6,15,72
"167",2009,6,16,51
"168",2009,6,17,65
"169",2009,6,18,78
"170",2009,6,19,58
"171",2009,6,20,53
"172",2009,6,21,50
"173",2009,6,22,70
"174",2009,6,23,69
"175",2009,6,24,66
"176",2009,6,25,70
"177",2009,6,26,88
"178",2009,6,27,54
"179",2009,6,28,52
"180",2009,6,29,66
"181",2009,6,30,59
"182",2009,7,1,71
"183",2009,7,2,71
"184",2009,7,3,79
"185",2009,7,4,50
"186",2009,7,5,54
"187",2009,7,6,68
"188",2009,7,7,47
"189",2009,7,8,65
"190",2009,7,9,78
"191",2009,7,10,84
"192",2009,7,11,49
"193",2009,7,12,44
"194",2009,7,13,71
"195",2009,7,14,75
"196",2009,7,15,70
"197",2009,7,16,58
"198",2009,7,17,77
"199",2009,7,18,69
"200",2009,7,19,59
"201",2009,7,20,64
"202",2009,7,21,73
"203",2009,7,22,68
"204",2009,7,23,65
"205",2009,7,24,74
"206",2009,7,25,58
"207",2009,7,26,39
"208",2009,7,27,78
"209",2009,7,28,74
"210",2009,7,29,65
"211",2009,7,30,73
"212",2009,7,31,57
"213",2009,8,1,44
"214",2009,8,2,51
"215",2009,8,3,61
"216",2009,8,4,61
"217",2009,8,5,74
"218",2009,8,6,71
"219",2009,8,7,63
"220",2009,8,8,51
"221",2009,8,9,50
"222",2009,8,10,67
"223",2009,8,11,52
"224",2009,8,12,49
"225",2009,8,13,65
"226",2009,8,14,67
"227",2009,8,15,55
"228",2009,8,16,53
"229",2009,8,17,69
"230",2009,8,18,74
"231",2009,8,19,68
"232",2009,8,20,76
"233",2009,8,21,64
"234",2009,8,22,56
"235",2009,8,23,48
"236",2009,8,24,65
"237",2009,8,25,66
"238",2009,8,26,60
"239",2009,8,27,65
"240",2009,8,28,72
"241",2009,8,29,49
"242",2009,8,30,50
"243",2009,8,31,76
"244",2009,9,1,61
"245",2009,9,2,71
"246",2009,9,3,78
"247",2009,9,4,63
"248",2009,9,5,51
"249",2009,9,6,43
"250",2009,9,7,66
"251",2009,9,8,62
"252",2009,9,9,75
"253",2009,9,10,70
"254",2009,9,11,63
"255",2009,9,12,51
"256",2009,9,13,56
"257",2009,9,14,65
"258",2009,9,15,50
"259",2009,9,16,70
"260",2009,9,17,68
"261",2009,9,18,67
"262",2009,9,19,58
"263",2009,9,20,47
"264",2009,9,21,79
"265",2009,9,22,80
"266",2009,9,23,76
"267",2009,9,24,69
"268",2009,9,25,79
"269",2009,9,26,42
"270",2009,9,27,59
"271",2009,9,28,70
"272",2009,9,29,55
"273",2009,9,30,58
"274",2009,10,1,72
"275",2009,10,2,74
"276",2009,10,3,58
"277",2009,10,4,52
"278",2009,10,5,64
"279",2009,10,6,64
"280",2009,10,7,55
"281",2009,10,8,65
"282",2009,10,9,61
"283",2009,10,10,55
"284",2009,10,11,56
"285",2009,10,12,44
"286",2009,10,13,54
"287",2009,10,14,69
"288",2009,10,15,67
"289",2009,10,16,72
"290",2009,10,17,41
"291",2009,10,18,41
"292",2009,10,19,63
"293",2009,10,20,61
"294",2009,10,21,58
"295",2009,10,22,61
"296",2009,10,23,67
"297",2009,10,24,60
"298",2009,10,25,52
"299",2009,10,26,68
"300",2009,10,27,58
"301",2009,10,28,65
"302",2009,10,29,64
"303",2009,10,30,80
"304",2009,10,31,53
"305",2009,11,1,42
"306",2009,11,2,61
"307",2009,11,3,61
"308",2009,11,4,49
"309",2009,11,5,57
"310",2009,11,6,69
"311",2009,11,7,54
"312",2009,11,8,56
"313",2009,11,9,61
"314",2009,11,10,65
"315",2009,11,11,56
"316",2009,11,12,71
"317",2009,11,13,60
"318",2009,11,14,43
"319",2009,11,15,41
"320",2009,11,16,56
"321",2009,11,17,57
"322",2009,11,18,62
"323",2009,11,19,56
"324",2009,11,20,51
"325",2009,11,21,34
"326",2009,11,22,40
"327",2009,11,23,66
"328",2009,11,24,54
"329",2009,11,25,61
"330",2009,11,26,61
"331",2009,11,27,74
"332",2009,11,28,44
"333",2009,11,29,50
"334",2009,11,30,64
"335",2009,12,1,63
"336",2009,12,2,63
"337",2009,12,3,51
"338",2009,12,4,71
"339",2009,12,5,63
"340",2009,12,6,57
"341",2009,12,7,64
"342",2009,12,8,66
"343",2009,12,9,42
"344",2009,12,10,62
"345",2009,12,11,61
"346",2009,12,12,56
"347",2009,12,13,42
"348",2009,12,14,54
"349",2009,12,15,62
"350",2009,12,16,66
"351",2009,12,17,71
"352",2009,12,18,78
"353",2009,12,19,52
"354",2009,12,20,47
"355",2009,12,21,67
"356",2009,12,22,54
"357",2009,12,23,60
"358",2009,12,24,58
"359",2009,12,25,42
"360",2009,12,26,41
"361",2009,12,27,48
"362",2009,12,28,66
"363",2009,12,29,64
"364",2009,12,30,64
"365",2009,12,31,48
"366",2010,1,1,38
"367",2010,1,2,57
"368",2010,1,3,49
"369",2010,1,4,76
"370",2010,1,5,77
"371",2010,1,6,59
"372",2010,1,7,61
"373",2010,1,8,71
"374",2010,1,9,51
"375",2010,1,10,51
"376",2010,1,11,78
"377",2010,1,12,64
"378",2010,1,13,61
"379",2010,1,14,59
"380",2010,1,15,67
"381",2010,1,16,51
"382",2010,1,17,50
"383",2010,1,18,62
"384",2010,1,19,62
"385",2010,1,20,68
"386",2010,1,21,78
"387",2010,1,22,69
"388",2010,1,23,48
"389",2010,1,24,48
"390",2010,1,25,78
"391",2010,1,26,58
"392",2010,1,27,54
"393",2010,1,28,65
"394",2010,1,29,66
"395",2010,1,30,49
"396",2010,1,31,51
"397",2010,2,1,52
"398",2010,2,2,65
"399",2010,2,3,61
"400",2010,2,4,64
"401",2010,2,5,75
"402",2010,2,6,49
"403",2010,2,7,49
"404",2010,2,8,56
"405",2010,2,9,67
"406",2010,2,10,72
"407",2010,2,11,79
"408",2010,2,12,78
"409",2010,2,13,54
"410",2010,2,14,59
"411",2010,2,15,55
"412",2010,2,16,62
"413",2010,2,17,58
"414",2010,2,18,60
"415",2010,2,19,64
"416",2010,2,20,52
"417",2010,2,21,54
"418",2010,2,22,73
"419",2010,2,23,81
"420",2010,2,24,58
"421",2010,2,25,66
"422",2010,2,26,66
"423",2010,2,27,50
"424",2010,2,28,33
"425",2010,3,1,71
"426",2010,3,2,69
"427",2010,3,3,70
"428",2010,3,4,72
"429",2010,3,5,64
"430",2010,3,6,45
"431",2010,3,7,45
"432",2010,3,8,62
"433",2010,3,9,66
"434",2010,3,10,65
"435",2010,3,11,78
"436",2010,3,12,64
"437",2010,3,13,54
"438",2010,3,14,51
"439",2010,3,15,69
"440",2010,3,16,67
"441",2010,3,17,59
"442",2010,3,18,55
"443",2010,3,19,75
"444",2010,3,20,62
"445",2010,3,21,48
"446",2010,3,22,52
"447",2010,3,23,49
"448",2010,3,24,60
"449",2010,3,25,68
"450",2010,3,26,74
"451",2010,3,27,62
"452",2010,3,28,46
"453",2010,3,29,67
"454",2010,3,30,51
"455",2010,3,31,58
"456",2010,4,1,61
"457",2010,4,2,70
"458",2010,4,3,54
"459",2010,4,4,48
"460",2010,4,5,38
"461",2010,4,6,60
"462",2010,4,7,66
"463",2010,4,8,60
"464",2010,4,9,75
"465",2010,4,10,53
"466",2010,4,11,46
"467",2010,4,12,70
"468",2010,4,13,55
"469",2010,4,14,67
"470",2010,4,15,75
"471",2010,4,16,76
"472",2010,4,17,46
"473",2010,4,18,46
"474",2010,4,19,57
"475",2010,4,20,61
"476",2010,4,21,61
"477",2010,4,22,65
"478",2010,4,23,70
"479",2010,4,24,38
"480",2010,4,25,53
"481",2010,4,26,67
"482",2010,4,27,48
"483",2010,4,28,66
"484",2010,4,29,72
"485",2010,4,30,51
"486",2010,5,1,46
"487",2010,5,2,54
"488",2010,5,3,56
"489",2010,5,4,66
"490",2010,5,5,60
"491",2010,5,6,71
"492",2010,5,7,77
"493",2010,5,8,63
"494",2010,5,9,41
"495",2010,5,10,79
"496",2010,5,11,67
"497",2010,5,12,60
"498",2010,5,13,59
"499",2010,5,14,70
"500",2010,5,15,57
"501",2010,5,16,42
"502",2010,5,17,70
"503",2010,5,18,63
"504",2010,5,19,63
"505",2010,5,20,68
"506",2010,5,21,61
"507",2010,5,22,48
"508",2010,5,23,43
"509",2010,5,24,64
"510",2010,5,25,75
"511",2010,5,26,61
"512",2010,5,27,73
"513",2010,5,28,59
"514",2010,5,29,43
"515",2010,5,30,52
"516",2010,5,31,52
"517",2010,6,1,76
"518",2010,6,2,74
"519",2010,6,3,60
"520",2010,6,4,76
"521",2010,6,5,52
"522",2010,6,6,48
"523",2010,6,7,69
"524",2010,6,8,58
"525",2010,6,9,56
"526",2010,6,10,61
"527",2010,6,11,72
"528",2010,6,12,53
"529",2010,6,13,47
"530",2010,6,14,62
"531",2010,6,15,60
"532",2010,6,16,57
"533",2010,6,17,66
"534",2010,6,18,69
"535",2010,6,19,56
"536",2010,6,20,41
"537",2010,6,21,62
"538",2010,6,22,61
"539",2010,6,23,64
"540",2010,6,24,68
"541",2010,6,25,41
"542",2010,6,26,60
"543",2010,6,27,56
"544",2010,6,28,61
"545",2010,6,29,78
"546",2010,6,30,80
"547",2010,7,1,77
"548",2010,7,2,88
"549",2010,7,3,50
"550",2010,7,4,62
"551",2010,7,5,66
"552",2010,7,6,69
"553",2010,7,7,55
"554",2010,7,8,65
"555",2010,7,9,72
"556",2010,7,10,39
"557",2010,7,11,45
"558",2010,7,12,74
"559",2010,7,13,62
"560",2010,7,14,84
"561",2010,7,15,58
"562",2010,7,16,61
"563",2010,7,17,50
"564",2010,7,18,45
"565",2010,7,19,48
"566",2010,7,20,64
"567",2010,7,21,76
"568",2010,7,22,80
"569",2010,7,23,74
"570",2010,7,24,53
"571",2010,7,25,56
"572",2010,7,26,75
"573",2010,7,27,72
"574",2010,7,28,78
"575",2010,7,29,54
"576",2010,7,30,76
"577",2010,7,31,63
"578",2010,8,1,53
"579",2010,8,2,81
"580",2010,8,3,72
"581",2010,8,4,65
"582",2010,8,5,60
"583",2010,8,6,73
"584",2010,8,7,48
"585",2010,8,8,50
"586",2010,8,9,59
"587",2010,8,10,64
"588",2010,8,11,74
"589",2010,8,12,51
"590",2010,8,13,68
"591",2010,8,14,53
"592",2010,8,15,58
"593",2010,8,16,73
"594",2010,8,17,71
"595",2010,8,18,64
"596",2010,8,19,62
"597",2010,8,20,66
"598",2010,8,21,51
"599",2010,8,22,42
"600",2010,8,23,69
"601",2010,8,24,63
"602",2010,8,25,60
"603",2010,8,26,54
"604",2010,8,27,71
"605",2010,8,28,55
"606",2010,8,29,44
"607",2010,8,30,69
"608",2010,8,31,64
"609",2010,9,1,58
"610",2010,9,2,68
"611",2010,9,3,77
"612",2010,9,4,56
"613",2010,9,5,57
"614",2010,9,6,85
"615",2010,9,7,67
"616",2010,9,8,74
"617",2010,9,9,69
"618",2010,9,10,54
"619",2010,9,11,49
"620",2010,9,12,57
"621",2010,9,13,61
"622",2010,9,14,55
"623",2010,9,15,79
"624",2010,9,16,69
"625",2010,9,17,62
"626",2010,9,18,61
"627",2010,9,19,46
"628",2010,9,20,90
"629",2010,9,21,85
"630",2010,9,22,83
"631",2010,9,23,68
"632",2010,9,24,58
"633",2010,9,25,61
"634",2010,9,26,47
"635",2010,9,27,85
"636",2010,9,28,71
"637",2010,9,29,64
"638",2010,9,30,63
"639",2010,10,1,77
"640",2010,10,2,58
"641",2010,10,3,53
"642",2010,10,4,63
"643",2010,10,5,51
"644",2010,10,6,72
"645",2010,10,7,80
"646",2010,10,8,83
"647",2010,10,9,35
"648",2010,10,10,47
"649",2010,10,11,70
"650",2010,10,12,65
"651",2010,10,13,67
"652",2010,10,14,49
"653",2010,10,15,74
"654",2010,10,16,60
"655",2010,10,17,38
"656",2010,10,18,50
"657",2010,10,19,87
"658",2010,10,20,82
"659",2010,10,21,60
"660",2010,10,22,69
"661",2010,10,23,52
"662",2010,10,24,51
"663",2010,10,25,67
"664",2010,10,26,76
"665",2010,10,27,66
"666",2010,10,28,68
"667",2010,10,29,76
"668",2010,10,30,59
"669",2010,10,31,53
"670",2010,11,1,39
"671",2010,11,2,51
"672",2010,11,3,56
"673",2010,11,4,65
"674",2010,11,5,80
"675",2010,11,6,51
"676",2010,11,7,49
"677",2010,11,8,82
"678",2010,11,9,61
"679",2010,11,10,62
"680",2010,11,11,72
"681",2010,11,12,79
"682",2010,11,13,45
"683",2010,11,14,47
"684",2010,11,15,62
"685",2010,11,16,59
"686",2010,11,17,61
"687",2010,11,18,55
"688",2010,11,19,59
"689",2010,11,20,44
"690",2010,11,21,49
"691",2010,11,22,57
"692",2010,11,23,56
"693",2010,11,24,54
"694",2010,11,25,56
"695",2010,11,26,78
"696",2010,11,27,51
"697",2010,11,28,39
"698",2010,11,29,74
"699",2010,11,30,66
"700",2010,12,1,58
"701",2010,12,2,65
"702",2010,12,3,64
"703",2010,12,4,48
"704",2010,12,5,48
"705",2010,12,6,64
"706",2010,12,7,56
"707",2010,12,8,68
"708",2010,12,9,59
"709",2010,12,10,63
"710",2010,12,11,55
"711",2010,12,12,41
"712",2010,12,13,58
"713",2010,12,14,62
"714",2010,12,15,59
"715",2010,12,16,60
"716",2010,12,17,64
"717",2010,12,18,40
"718",2010,12,19,40
"719",2010,12,20,62
"720",2010,12,21,72
"721",2010,12,22,62
"722",2010,12,23,81
"723",2010,12,24,71
"724",2010,12,25,45
"725",2010,12,26,42
"726",2010,12,27,65
"727",2010,12,28,48
"728",2010,12,29,60
"729",2010,12,30,61
"730",2010,12,31,40
"731",2011,1,1,47
"732",2011,1,2,43
"733",2011,1,3,65
"734",2011,1,4,73
"735",2011,1,5,59
"736",2011,1,6,76
"737",2011,1,7,58
"738",2011,1,8,53
"739",2011,1,9,55
"740",2011,1,10,71
"741",2011,1,11,60
"742",2011,1,12,59
"743",2011,1,13,58
"744",2011,1,14,89
"745",2011,1,15,41
"746",2011,1,16,46
"747",2011,1,17,56
"748",2011,1,18,62
"749",2011,1,19,60
"750",2011,1,20,74
"751",2011,1,21,86
"752",2011,1,22,51
"753",2011,1,23,56
"754",2011,1,24,46
"755",2011,1,25,77
"756",2011,1,26,59
"757",2011,1,27,54
"758",2011,1,28,73
"759",2011,1,29,42
"760",2011,1,30,48
"761",2011,1,31,71
"762",2011,2,1,72
"763",2011,2,2,62
"764",2011,2,3,65
"765",2011,2,4,70
"766",2011,2,5,55
"767",2011,2,6,36
"768",2011,2,7,53
"769",2011,2,8,51
"770",2011,2,9,59
"771",2011,2,10,67
"772",2011,2,11,60
"773",2011,2,12,36
"774",2011,2,13,56
"775",2011,2,14,65
"776",2011,2,15,57
"777",2011,2,16,60
"778",2011,2,17,52
"779",2011,2,18,59
"780",2011,2,19,45
"781",2011,2,20,43
"782",2011,2,21,56
"783",2011,2,22,58
"784",2011,2,23,64
"785",2011,2,24,81
"786",2011,2,25,63
"787",2011,2,26,46
"788",2011,2,27,48
"789",2011,2,28,64
"790",2011,3,1,60
"791",2011,3,2,45
"792",2011,3,3,63
"793",2011,3,4,73
"794",2011,3,5,42
"795",2011,3,6,46
"796",2011,3,7,71
"797",2011,3,8,57
"798",2011,3,9,57
"799",2011,3,10,69
"800",2011,3,11,64
"801",2011,3,12,47
"802",2011,3,13,56
"803",2011,3,14,73
"804",2011,3,15,58
"805",2011,3,16,50
"806",2011,3,17,71
"807",2011,3,18,62
"808",2011,3,19,43
"809",2011,3,20,51
"810",2011,3,21,68
"811",2011,3,22,60
"812",2011,3,23,56
"813",2011,3,24,54
"814",2011,3,25,65
"815",2011,3,26,58
"816",2011,3,27,45
"817",2011,3,28,60
"818",2011,3,29,67
"819",2011,3,30,58
"820",2011,3,31,66
"821",2011,4,1,74
"822",2011,4,2,37
"823",2011,4,3,52
"824",2011,4,4,66
"825",2011,4,5,53
"826",2011,4,6,56
"827",2011,4,7,63
"828",2011,4,8,78
"829",2011,4,9,48
"830",2011,4,10,57
"831",2011,4,11,61
"832",2011,4,12,55
"833",2011,4,13,61
"834",2011,4,14,68
"835",2011,4,15,60
"836",2011,4,16,45
"837",2011,4,17,55
"838",2011,4,18,52
"839",2011,4,19,52
"840",2011,4,20,62
"841",2011,4,21,72
"842",2011,4,22,71
"843",2011,4,23,50
"844",2011,4,24,52
"845",2011,4,25,63
"846",2011,4,26,86
"847",2011,4,27,56
"848",2011,4,28,71
"849",2011,4,29,68
"850",2011,4,30,46
"851",2011,5,1,62
"852",2011,5,2,39
"853",2011,5,3,55
"854",2011,5,4,68
"855",2011,5,5,66
"856",2011,5,6,68
"857",2011,5,7,65
"858",2011,5,8,47
"859",2011,5,9,59
"860",2011,5,10,51
"861",2011,5,11,61
"862",2011,5,12,59
"863",2011,5,13,56
"864",2011,5,14,45
"865",2011,5,15,34
"866",2011,5,16,77
"867",2011,5,17,49
"868",2011,5,18,78
"869",2011,5,19,64
"870",2011,5,20,75
"871",2011,5,21,52
"872",2011,5,22,54
"873",2011,5,23,66
"874",2011,5,24,58
"875",2011,5,25,79
"876",2011,5,26,68
"877",2011,5,27,60
"878",2011,5,28,46
"879",2011,5,29,25
"880",2011,5,30,70
"881",2011,5,31,73
"882",2011,6,1,59
"883",2011,6,2,64
"884",2011,6,3,52
"885",2011,6,4,42
"886",2011,6,5,62
"887",2011,6,6,45
"888",2011,6,7,64
"889",2011,6,8,66
"890",2011,6,9,65
"891",2011,6,10,58
"892",2011,6,11,44
"893",2011,6,12,49
"894",2011,6,13,62
"895",2011,6,14,59
"896",2011,6,15,56
"897",2011,6,16,78
"898",2011,6,17,60
"899",2011,6,18,62
"900",2011,6,19,39
"901",2011,6,20,61
"902",2011,6,21,70
"903",2011,6,22,65
"904",2011,6,23,57
"905",2011,6,24,74
"906",2011,6,25,43
"907",2011,6,26,50
"908",2011,6,27,73
"909",2011,6,28,71
"910",2011,6,29,67
"911",2011,6,30,77
"912",2011,7,1,67
"913",2011,7,2,54
"914",2011,7,3,54
"915",2011,7,4,57
"916",2011,7,5,76
"917",2011,7,6,71
"918",2011,7,7,70
"919",2011,7,8,71
"920",2011,7,9,57
"921",2011,7,10,54
"922",2011,7,11,61
"923",2011,7,12,76
"924",2011,7,13,65
"925",2011,7,14,68
"926",2011,7,15,66
"927",2011,7,16,47
"928",2011,7,17,52
"929",2011,7,18,68
"930",2011,7,19,64
"931",2011,7,20,84
"932",2011,7,21,81
"933",2011,7,22,56
"934",2011,7,23,64
"935",2011,7,24,49
"936",2011,7,25,90
"937",2011,7,26,58
"938",2011,7,27,60
"939",2011,7,28,74
"940",2011,7,29,79
"941",2011,7,30,62
"942",2011,7,31,58
"943",2011,8,1,63
"944",2011,8,2,75
"945",2011,8,3,71
"946",2011,8,4,82
"947",2011,8,5,68
"948",2011,8,6,41
"949",2011,8,7,55
"950",2011,8,8,96
"951",2011,8,9,66
"952",2011,8,10,62
"953",2011,8,11,73
"954",2011,8,12,63
"955",2011,8,13,66
"956",2011,8,14,56
"957",2011,8,15,48
"958",2011,8,16,75
"959",2011,8,17,64
"960",2011,8,18,71
"961",2011,8,19,76
"962",2011,8,20,53
"963",2011,8,21,52
"964",2011,8,22,75
"965",2011,8,23,69
"966",2011,8,24,68
"967",2011,8,25,74
"968",2011,8,26,77
"969",2011,8,27,50
"970",2011,8,28,45
"971",2011,8,29,60
"972",2011,8,30,67
"973",2011,8,31,66
"974",2011,9,1,64
"975",2011,9,2,69
"976",2011,9,3,68
"977",2011,9,4,33
"978",2011,9,5,55
"979",2011,9,6,59
"980",2011,9,7,69
"981",2011,9,8,65
"982",2011,9,9,73
"983",2011,9,10,56
"984",2011,9,11,59
"985",2011,9,12,88
"986",2011,9,13,66
"987",2011,9,14,66
"988",2011,9,15,59
"989",2011,9,16,76
"990",2011,9,17,54
"991",2011,9,18,57
"992",2011,9,19,59
"993",2011,9,20,80
"994",2011,9,21,76
"995",2011,9,22,67
"996",2011,9,23,80
"997",2011,9,24,61
"998",2011,9,25,42
"999",2011,9,26,76
"1000",2011,9,27,60
"1001",2011,9,28,57
"1002",2011,9,29,67
"1003",2011,9,30,71
"1004",2011,10,1,46
"1005",2011,10,2,58
"1006",2011,10,3,59
"1007",2011,10,4,61
"1008",2011,10,5,59
"1009",2011,10,6,61
"1010",2011,10,7,73
"1011",2011,10,8,53
"1012",2011,10,9,34
"1013",2011,10,10,50
"1014",2011,10,11,60
"1015",2011,10,12,58
"1016",2011,10,13,70
"1017",2011,10,14,59
"1018",2011,10,15,53
"1019",2011,10,16,30
"1020",2011,10,17,68
"1021",2011,10,18,61
"1022",2011,10,19,61
"1023",2011,10,20,76
"1024",2011,10,21,67
"1025",2011,10,22,43
"1026",2011,10,23,49
"1027",2011,10,24,58
"1028",2011,10,25,70
"1029",2011,10,26,71
"1030",2011,10,27,48
"1031",2011,10,28,71
"1032",2011,10,29,49
"1033",2011,10,30,48
"1034",2011,10,31,56
"1035",2011,11,1,57
"1036",2011,11,2,62
"1037",2011,11,3,71
"1038",2011,11,4,76
"1039",2011,11,5,51
"1040",2011,11,6,45
"1041",2011,11,7,59
"1042",2011,11,8,54
"1043",2011,11,9,68
"1044",2011,11,10,74
"1045",2011,11,11,76
"1046",2011,11,12,46
"1047",2011,11,13,43
"1048",2011,11,14,71
"1049",2011,11,15,57
"1050",2011,11,16,65
"1051",2011,11,17,54
"1052",2011,11,18,64
"1053",2011,11,19,55
"1054",2011,11,20,44
"1055",2011,11,21,53
"1056",2011,11,22,62
"1057",2011,11,23,48
"1058",2011,11,24,75
"1059",2011,11,25,61
"1060",2011,11,26,63
"1061",2011,11,27,47
"1062",2011,11,28,64
"1063",2011,11,29,58
"1064",2011,11,30,62
"1065",2011,12,1,71
"1066",2011,12,2,59
"1067",2011,12,3,35
"1068",2011,12,4,44
"1069",2011,12,5,64
"1070",2011,12,6,55
"1071",2011,12,7,51
"1072",2011,12,8,47
"1073",2011,12,9,69
"1074",2011,12,10,43
"1075",2011,12,11,38
"1076",2011,12,12,66
"1077",2011,12,13,60
"1078",2011,12,14,71
"1079",2011,12,15,62
"1080",2011,12,16,75
"1081",2011,12,17,37
"1082",2011,12,18,52
"1083",2011,12,19,62
"1084",2011,12,20,78
"1085",2011,12,21,65
"1086",2011,12,22,45
"1087",2011,12,23,57
"1088",2011,12,24,39
"1089",2011,12,25,44
"1090",2011,12,26,48
"1091",2011,12,27,66
"1092",2011,12,28,59
"1093",2011,12,29,55
"1094",2011,12,30,53
"1095",2011,12,31,41
"1096",2012,1,1,47
"1097",2012,1,2,45
"1098",2012,1,3,55
"1099",2012,1,4,54
"1100",2012,1,5,62
"1101",2012,1,6,77
"1102",2012,1,7,44
"1103",2012,1,8,65
"1104",2012,1,9,60
"1105",2012,1,10,54
"1106",2012,1,11,67
"1107",2012,1,12,74
"1108",2012,1,13,77
"1109",2012,1,14,50
"1110",2012,1,15,54
"1111",2012,1,16,58
"1112",2012,1,17,65
"1113",2012,1,18,50
"1114",2012,1,19,48
"1115",2012,1,20,71
"1116",2012,1,21,48
"1117",2012,1,22,47
"1118",2012,1,23,74
"1119",2012,1,24,83
"1120",2012,1,25,65
"1121",2012,1,26,64
"1122",2012,1,27,46
"1123",2012,1,28,63
"1124",2012,1,29,51
"1125",2012,1,30,75
"1126",2012,1,31,59
"1127",2012,2,1,52
"1128",2012,2,2,61
"1129",2012,2,3,61
"1130",2012,2,4,37
"1131",2012,2,5,54
"1132",2012,2,6,70
"1133",2012,2,7,70
"1134",2012,2,8,46
"1135",2012,2,9,62
"1136",2012,2,10,64
"1137",2012,2,11,47
"1138",2012,2,12,47
"1139",2012,2,13,69
"1140",2012,2,14,63
"1141",2012,2,15,73
"1142",2012,2,16,62
"1143",2012,2,17,82
"1144",2012,2,18,49
"1145",2012,2,19,51
"1146",2012,2,20,52
"1147",2012,2,21,51
"1148",2012,2,22,60
"1149",2012,2,23,62
"1150",2012,2,24,55
"1151",2012,2,25,56
"1152",2012,2,26,40
"1153",2012,2,27,66
"1154",2012,2,28,57
"1155",2012,2,29,51
"1156",2012,3,1,69
"1157",2012,3,2,72
"1158",2012,3,3,55
"1159",2012,3,4,39
"1160",2012,3,5,63
"1161",2012,3,6,51
"1162",2012,3,7,43
"1163",2012,3,8,64
"1164",2012,3,9,53
"1165",2012,3,10,40
"1166",2012,3,11,32
"1167",2012,3,12,63
"1168",2012,3,13,60
"1169",2012,3,14,59
"1170",2012,3,15,68
"1171",2012,3,16,58
"1172",2012,3,17,43
"1173",2012,3,18,37
"1174",2012,3,19,53
"1175",2012,3,20,68
"1176",2012,3,21,58
"1177",2012,3,22,66
"1178",2012,3,23,66
"1179",2012,3,24,41
"1180",2012,3,25,32
"1181",2012,3,26,56
"1182",2012,3,27,63
"1183",2012,3,28,55
"1184",2012,3,29,71
"1185",2012,3,30,66
"1186",2012,3,31,40
"1187",2012,4,1,48
"1188",2012,4,2,52
"1189",2012,4,3,58
"1190",2012,4,4,66
"1191",2012,4,5,74
"1192",2012,4,6,62
"1193",2012,4,7,44
"1194",2012,4,8,44
"1195",2012,4,9,60
"1196",2012,4,10,60
"1197",2012,4,11,63
"1198",2012,4,12,67
"1199",2012,4,13,61
"1200",2012,4,14,50
"1201",2012,4,15,52
"1202",2012,4,16,62
"1203",2012,4,17,65
"1204",2012,4,18,65
"1205",2012,4,19,48
"1206",2012,4,20,72
"1207",2012,4,21,51
"1208",2012,4,22,52
"1209",2012,4,23,59
"1210",2012,4,24,71
"1211",2012,4,25,70
"1212",2012,4,26,89
"1213",2012,4,27,56
"1214",2012,4,28,59
"1215",2012,4,29,46
"1216",2012,4,30,65
"1217",2012,5,1,54
"1218",2012,5,2,48
"1219",2012,5,3,66
"1220",2012,5,4,84
"1221",2012,5,5,62
"1222",2012,5,6,53
"1223",2012,5,7,74
"1224",2012,5,8,67
"1225",2012,5,9,73
"1226",2012,5,10,65
"1227",2012,5,11,74
"1228",2012,5,12,56
"1229",2012,5,13,49
"1230",2012,5,14,71
"1231",2012,5,15,70
"1232",2012,5,16,62
"1233",2012,5,17,60
"1234",2012,5,18,74
"1235",2012,5,19,55
"1236",2012,5,20,42
"1237",2012,5,21,65
"1238",2012,5,22,58
"1239",2012,5,23,65
"1240",2012,5,24,73
"1241",2012,5,25,60
"1242",2012,5,26,45
"1243",2012,5,27,44
"1244",2012,5,28,57
"1245",2012,5,29,69
"1246",2012,5,30,56
"1247",2012,5,31,52
"1248",2012,6,1,64
"1249",2012,6,2,51
"1250",2012,6,3,36
"1251",2012,6,4,68
"1252",2012,6,5,49
"1253",2012,6,6,75
"1254",2012,6,7,62
"1255",2012,6,8,56
"1256",2012,6,9,50
"1257",2012,6,10,37
"1258",2012,6,11,70
"1259",2012,6,12,58
"1260",2012,6,13,58
"1261",2012,6,14,62
"1262",2012,6,15,58
"1263",2012,6,16,52
"1264",2012,6,17,50
"1265",2012,6,18,57
"1266",2012,6,19,50
"1267",2012,6,20,75
"1268",2012,6,21,63
"1269",2012,6,22,71
"1270",2012,6,23,57
"1271",2012,6,24,44
"1272",2012,6,25,65
"1273",2012,6,26,75
"1274",2012,6,27,65
"1275",2012,6,28,73
"1276",2012,6,29,60
"1277",2012,6,30,47
"1278",2012,7,1,36
"1279",2012,7,2,77
"1280",2012,7,3,68
"1281",2012,7,4,65
"1282",2012,7,5,76
"1283",2012,7,6,73
"1284",2012,7,7,47
"1285",2012,7,8,42
"1286",2012,7,9,59
"1287",2012,7,10,72
"1288",2012,7,11,75
"1289",2012,7,12,52
"1290",2012,7,13,72
"1291",2012,7,14,44
"1292",2012,7,15,51
"1293",2012,7,16,57
"1294",2012,7,17,81
"1295",2012,7,18,77
"1296",2012,7,19,61
"1297",2012,7,20,69
"1298",2012,7,21,52
"1299",2012,7,22,53
"1300",2012,7,23,61
"1301",2012,7,24,71
"1302",2012,7,25,71
"1303",2012,7,26,61
"1304",2012,7,27,81
"1305",2012,7,28,52
"1306",2012,7,29,52
"1307",2012,7,30,73
"1308",2012,7,31,64
"1309",2012,8,1,72
"1310",2012,8,2,67
"1311",2012,8,3,74
"1312",2012,8,4,48
"1313",2012,8,5,55
"1314",2012,8,6,57
"1315",2012,8,7,72
"1316",2012,8,8,65
"1317",2012,8,9,58
"1318",2012,8,10,79
"1319",2012,8,11,54
"1320",2012,8,12,45
"1321",2012,8,13,66
"1322",2012,8,14,68
"1323",2012,8,15,56
"1324",2012,8,16,74
"1325",2012,8,17,71
"1326",2012,8,18,43
"1327",2012,8,19,61
"1328",2012,8,20,81
"1329",2012,8,21,80
"1330",2012,8,22,73
"1331",2012,8,23,80
"1332",2012,8,24,63
"1333",2012,8,25,48
"1334",2012,8,26,55
"1335",2012,8,27,66
"1336",2012,8,28,63
"1337",2012,8,29,56
"1338",2012,8,30,70
"1339",2012,8,31,59
"1340",2012,9,1,57
"1341",2012,9,2,44
"1342",2012,9,3,71
"1343",2012,9,4,83
"1344",2012,9,5,59
"1345",2012,9,6,84
"1346",2012,9,7,68
"1347",2012,9,8,59
"1348",2012,9,9,54
"1349",2012,9,10,65
"1350",2012,9,11,71
"1351",2012,9,12,72
"1352",2012,9,13,68
"1353",2012,9,14,73
"1354",2012,9,15,62
"1355",2012,9,16,61
"1356",2012,9,17,56
"1357",2012,9,18,75
"1358",2012,9,19,61
"1359",2012,9,20,81
"1360",2012,9,21,68
"1361",2012,9,22,51
"1362",2012,9,23,47
"1363",2012,9,24,71
"1364",2012,9,25,88
"1365",2012,9,26,69
"1366",2012,9,27,61
"1367",2012,9,28,80
"1368",2012,9,29,61
"1369",2012,9,30,47
"1370",2012,10,1,72
"1371",2012,10,2,73
"1372",2012,10,3,71
"1373",2012,10,4,64
"1374",2012,10,5,59
"1375",2012,10,6,42
"1376",2012,10,7,57
"1377",2012,10,8,72
"1378",2012,10,9,59
"1379",2012,10,10,77
"1380",2012,10,11,59
"1381",2012,10,12,69
"1382",2012,10,13,57
"1383",2012,10,14,43
"1384",2012,10,15,63
"1385",2012,10,16,82
"1386",2012,10,17,66
"1387",2012,10,18,65
"1388",2012,10,19,74
"1389",2012,10,20,51
"1390",2012,10,21,43
"1391",2012,10,22,69
"1392",2012,10,23,63
"1393",2012,10,24,65
"1394",2012,10,25,68
"1395",2012,10,26,61
"1396",2012,10,27,46
"1397",2012,10,28,51
"1398",2012,10,29,73
"1399",2012,10,30,74
"1400",2012,10,31,48
"1401",2012,11,1,48
"1402",2012,11,2,79
"1403",2012,11,3,66
"1404",2012,11,4,36
"1405",2012,11,5,62
"1406",2012,11,6,59
"1407",2012,11,7,74
"1408",2012,11,8,68
"1409",2012,11,9,74
"1410",2012,11,10,44
"1411",2012,11,11,54
"1412",2012,11,12,87
"1413",2012,11,13,69
"1414",2012,11,14,56
"1415",2012,11,15,63
"1416",2012,11,16,64
"1417",2012,11,17,55
"1418",2012,11,18,37
"1419",2012,11,19,62
"1420",2012,11,20,53
"1421",2012,11,21,53
"1422",2012,11,22,62
"1423",2012,11,23,73
"1424",2012,11,24,49
"1425",2012,11,25,32
"1426",2012,11,26,49
"1427",2012,11,27,65
"1428",2012,11,28,69
"1429",2012,11,29,53
"1430",2012,11,30,55
"1431",2012,12,1,52
"1432",2012,12,2,40
"1433",2012,12,3,66
"1434",2012,12,4,56
"1435",2012,12,5,61
"1436",2012,12,6,64
"1437",2012,12,7,57
"1438",2012,12,8,45
"1439",2012,12,9,38
"1440",2012,12,10,74
"1441",2012,12,11,54
"1442",2012,12,12,76
"1443",2012,12,13,64
"1444",2012,12,14,51
"1445",2012,12,15,46
"1446",2012,12,16,44
"1447",2012,12,17,67
"1448",2012,12,18,62
"1449",2012,12,19,53
"1450",2012,12,20,55
"1451",2012,12,21,68
"1452",2012,12,22,41
"1453",2012,12,23,42
"1454",2012,12,24,63
"1455",2012,12,25,27
"1456",2012,12,26,55
"1457",2012,12,27,55
"1458",2012,12,28,63
"1459",2012,12,29,36
"1460",2012,12,30,34
"1461",2012,12,31,54
"1462",2013,1,1,46
"1463",2013,1,2,54
"1464",2013,1,3,49
"1465",2013,1,4,54
"1466",2013,1,5,40
"1467",2013,1,6,45
"1468",2013,1,7,58
"1469",2013,1,8,46
"1470",2013,1,9,58
"1471",2013,1,10,64
"1472",2013,1,11,68
"1473",2013,1,12,58
"1474",2013,1,13,48
"1475",2013,1,14,66
"1476",2013,1,15,63
"1477",2013,1,16,64
"1478",2013,1,17,58
"1479",2013,1,18,72
"1480",2013,1,19,49
"1481",2013,1,20,64
"1482",2013,1,21,69
"1483",2013,1,22,60
"1484",2013,1,23,55
"1485",2013,1,24,59
"1486",2013,1,25,63
"1487",2013,1,26,37
"1488",2013,1,27,30
"1489",2013,1,28,69
"1490",2013,1,29,51
"1491",2013,1,30,47
"1492",2013,1,31,63
"1493",2013,2,1,48
"1494",2013,2,2,53
"1495",2013,2,3,52
"1496",2013,2,4,53
"1497",2013,2,5,63
"1498",2013,2,6,53
"1499",2013,2,7,71
"1500",2013,2,8,46
"1501",2013,2,9,45
"1502",2013,2,10,35
"1503",2013,2,11,58
"1504",2013,2,12,70
"1505",2013,2,13,56
"1506",2013,2,14,57
"1507",2013,2,15,59
"1508",2013,2,16,46
"1509",2013,2,17,39
"1510",2013,2,18,48
"1511",2013,2,19,49
"1512",2013,2,20,59
"1513",2013,2,21,57
"1514",2013,2,22,56
"1515",2013,2,23,47
"1516",2013,2,24,44
"1517",2013,2,25,48
"1518",2013,2,26,59
"1519",2013,2,27,55
"1520",2013,2,28,69
"1521",2013,3,1,67
"1522",2013,3,2,41
"1523",2013,3,3,43
"1524",2013,3,4,73
"1525",2013,3,5,53
"1526",2013,3,6,65
"1527",2013,3,7,54
"1528",2013,3,8,73
"1529",2013,3,9,44
"1530",2013,3,10,48
"1531",2013,3,11,64
"1532",2013,3,12,67
"1533",2013,3,13,70
"1534",2013,3,14,58
"1535",2013,3,15,66
"1536",2013,3,16,48
"1537",2013,3,17,42
"1538",2013,3,18,50
"1539",2013,3,19,50
"1540",2013,3,20,63
"1541",2013,3,21,64
"1542",2013,3,22,63
"1543",2013,3,23,46
"1544",2013,3,24,51
"1545",2013,3,25,58
"1546",2013,3,26,48
"1547",2013,3,27,58
"1548",2013,3,28,66
"1549",2013,3,29,55
"1550",2013,3,30,45
"1551",2013,3,31,37
"1552",2013,4,1,41
"1553",2013,4,2,54
"1554",2013,4,3,60
"1555",2013,4,4,49
"1556",2013,4,5,64
"1557",2013,4,6,55
"1558",2013,4,7,46
"1559",2013,4,8,57
"1560",2013,4,9,63
"1561",2013,4,10,58
"1562",2013,4,11,47
"1563",2013,4,12,58
"1564",2013,4,13,38
"1565",2013,4,14,38
"1566",2013,4,15,72
"1567",2013,4,16,55
"1568",2013,4,17,64
"1569",2013,4,18,71
"1570",2013,4,19,55
"1571",2013,4,20,48
"1572",2013,4,21,34
"1573",2013,4,22,64
"1574",2013,4,23,55
"1575",2013,4,24,52
"1576",2013,4,25,60
"1577",2013,4,26,54
"1578",2013,4,27,44
"1579",2013,4,28,46
"1580",2013,4,29,59
"1581",2013,4,30,62
"1582",2013,5,1,55
"1583",2013,5,2,49
"1584",2013,5,3,72
"1585",2013,5,4,48
"1586",2013,5,5,65
"1587",2013,5,6,58
"1588",2013,5,7,66
"1589",2013,5,8,72
"1590",2013,5,9,58
"1591",2013,5,10,56
"1592",2013,5,11,50
"1593",2013,5,12,46
"1594",2013,5,13,73
"1595",2013,5,14,54
"1596",2013,5,15,65
"1597",2013,5,16,64
"1598",2013,5,17,61
"1599",2013,5,18,43
"1600",2013,5,19,45
"1601",2013,5,20,73
"1602",2013,5,21,66
"1603",2013,5,22,55
"1604",2013,5,23,54
"1605",2013,5,24,61
"1606",2013,5,25,42
"1607",2013,5,26,56
"1608",2013,5,27,60
"1609",2013,5,28,71
"1610",2013,5,29,69
"1611",2013,5,30,62
"1612",2013,5,31,72
"1613",2013,6,1,36
"1614",2013,6,2,47
"1615",2013,6,3,82
"1616",2013,6,4,66
"1617",2013,6,5,56
"1618",2013,6,6,60
"1619",2013,6,7,50
"1620",2013,6,8,49
"1621",2013,6,9,60
"1622",2013,6,10,73
"1623",2013,6,11,67
"1624",2013,6,12,53
"1625",2013,6,13,70
"1626",2013,6,14,55
"1627",2013,6,15,43
"1628",2013,6,16,42
"1629",2013,6,17,65
"1630",2013,6,18,59
"1631",2013,6,19,69
"1632",2013,6,20,66
"1633",2013,6,21,50
"1634",2013,6,22,57
"1635",2013,6,23,47
"1636",2013,6,24,69
"1637",2013,6,25,41
"1638",2013,6,26,67
"1639",2013,6,27,73
"1640",2013,6,28,68
"1641",2013,6,29,55
"1642",2013,6,30,57
"1643",2013,7,1,75
"1644",2013,7,2,63
"1645",2013,7,3,68
"1646",2013,7,4,74
"1647",2013,7,5,64
"1648",2013,7,6,59
"1649",2013,7,7,53
"1650",2013,7,8,57
"1651",2013,7,9,52
"1652",2013,7,10,76
"1653",2013,7,11,73
"1654",2013,7,12,68
"1655",2013,7,13,36
"1656",2013,7,14,60
"1657",2013,7,15,68
"1658",2013,7,16,62
"1659",2013,7,17,60
"1660",2013,7,18,65
"1661",2013,7,19,84
"1662",2013,7,20,44
"1663",2013,7,21,77
"1664",2013,7,22,65
"1665",2013,7,23,73
"1666",2013,7,24,67
"1667",2013,7,25,69
"1668",2013,7,26,49
"1669",2013,7,27,63
"1670",2013,7,28,42
"1671",2013,7,29,68
"1672",2013,7,30,67
"1673",2013,7,31,56
"1674",2013,8,1,73
"1675",2013,8,2,72
"1676",2013,8,3,57
"1677",2013,8,4,56
"1678",2013,8,5,62
"1679",2013,8,6,73
"1680",2013,8,7,61
"1681",2013,8,8,73
"1682",2013,8,9,67
"1683",2013,8,10,64
"1684",2013,8,11,48
"1685",2013,8,12,66
"1686",2013,8,13,61
"1687",2013,8,14,57
"1688",2013,8,15,58
"1689",2013,8,16,65
"1690",2013,8,17,47
"1691",2013,8,18,61
"1692",2013,8,19,68
"1693",2013,8,20,77
"1694",2013,8,21,60
"1695",2013,8,22,68
"1696",2013,8,23,71
"1697",2013,8,24,45
"1698",2013,8,25,42
"1699",2013,8,26,64
"1700",2013,8,27,64
"1701",2013,8,28,63
"1702",2013,8,29,69
"1703",2013,8,30,70
"1704",2013,8,31,38
"1705",2013,9,1,51
"1706",2013,9,2,63
"1707",2013,9,3,80
"1708",2013,9,4,67
"1709",2013,9,5,54
"1710",2013,9,6,73
"1711",2013,9,7,40
"1712",2013,9,8,49
"1713",2013,9,9,83
"1714",2013,9,10,65
"1715",2013,9,11,53
"1716",2013,9,12,60
"1717",2013,9,13,64
"1718",2013,9,14,48
"1719",2013,9,15,51
"1720",2013,9,16,72
"1721",2013,9,17,73
"1722",2013,9,18,68
"1723",2013,9,19,64
"1724",2013,9,20,64
"1725",2013,9,21,68
"1726",2013,9,22,43
"1727",2013,9,23,71
"1728",2013,9,24,68
"1729",2013,9,25,77
"1730",2013,9,26,75
"1731",2013,9,27,67
"1732",2013,9,28,56
"1733",2013,9,29,53
"1734",2013,9,30,77
"1735",2013,10,1,74
"1736",2013,10,2,61
"1737",2013,10,3,67
"1738",2013,10,4,77
"1739",2013,10,5,78
"1740",2013,10,6,43
"1741",2013,10,7,79
"1742",2013,10,8,63
"1743",2013,10,9,56
"1744",2013,10,10,59
"1745",2013,10,11,63
"1746",2013,10,12,58
"1747",2013,10,13,39
"1748",2013,10,14,57
"1749",2013,10,15,70
"1750",2013,10,16,62
"1751",2013,10,17,77
"1752",2013,10,18,74
"1753",2013,10,19,54
"1754",2013,10,20,46
"1755",2013,10,21,65
"1756",2013,10,22,52
"1757",2013,10,23,52
"1758",2013,10,24,53
"1759",2013,10,25,55
"1760",2013,10,26,46
"1761",2013,10,27,65
"1762",2013,10,28,64
"1763",2013,10,29,52
"1764",2013,10,30,69
"1765",2013,10,31,47
"1766",2013,11,1,28
"1767",2013,11,2,42
"1768",2013,11,3,46
"1769",2013,11,4,66
"1770",2013,11,5,74
"1771",2013,11,6,70
"1772",2013,11,7,72
"1773",2013,11,8,58
"1774",2013,11,9,36
"1775",2013,11,10,38
"1776",2013,11,11,54
"1777",2013,11,12,71
"1778",2013,11,13,49
"1779",2013,11,14,59
"1780",2013,11,15,72
"1781",2013,11,16,45
"1782",2013,11,17,41
"1783",2013,11,18,53
"1784",2013,11,19,57
"1785",2013,11,20,60
"1786",2013,11,21,63
"1787",2013,11,22,70
"1788",2013,11,23,43
"1789",2013,11,24,44
"1790",2013,11,25,62
"1791",2013,11,26,60
"1792",2013,11,27,61
"1793",2013,11,28,69
"1794",2013,11,29,55
"1795",2013,11,30,54
"1796",2013,12,1,44
"1797",2013,12,2,54
"1798",2013,12,3,49
"1799",2013,12,4,49
"1800",2013,12,5,57
"1801",2013,12,6,54
"1802",2013,12,7,50
"1803",2013,12,8,43
"1804",2013,12,9,77
"1805",2013,12,10,67
"1806",2013,12,11,51
"1807",2013,12,12,47
"1808",2013,12,13,53
"1809",2013,12,14,43
"1810",2013,12,15,44
"1811",2013,12,16,61
"1812",2013,12,17,48
"1813",2013,12,18,61
"1814",2013,12,19,66
"1815",2013,12,20,70
"1816",2013,12,21,47
"1817",2013,12,22,37
"1818",2013,12,23,62
"1819",2013,12,24,60
"1820",2013,12,25,46
"1821",2013,12,26,41
"1822",2013,12,27,56
"1823",2013,12,28,50
"1824",2013,12,29,47
"1825",2013,12,30,44
"1826",2013,12,31,42
"1827",2014,1,1,50
"1828",2014,1,2,73
"1829",2014,1,3,57
"1830",2014,1,4,42
"1831",2014,1,5,61
"1832",2014,1,6,56
"1833",2014,1,7,73
"1834",2014,1,8,63
"1835",2014,1,9,56
"1836",2014,1,10,64
"1837",2014,1,11,43
"1838",2014,1,12,45
"1839",2014,1,13,58
"1840",2014,1,14,55
"1841",2014,1,15,44
"1842",2014,1,16,68
"1843",2014,1,17,72
"1844",2014,1,18,49
"1845",2014,1,19,56
"1846",2014,1,20,59
"1847",2014,1,21,50
"1848",2014,1,22,55
"1849",2014,1,23,51
"1850",2014,1,24,64
"1851",2014,1,25,39
"1852",2014,1,26,40
"1853",2014,1,27,79
"1854",2014,1,28,60
"1855",2014,1,29,58
"1856",2014,1,30,65
"1857",2014,1,31,55
"1858",2014,2,1,44
"1859",2014,2,2,48
"1860",2014,2,3,54
"1861",2014,2,4,57
"1862",2014,2,5,51
"1863",2014,2,6,69
"1864",2014,2,7,61
"1865",2014,2,8,40
"1866",2014,2,9,36
"1867",2014,2,10,54
"1868",2014,2,11,55
"1869",2014,2,12,56
"1870",2014,2,13,56
"1871",2014,2,14,67
"1872",2014,2,15,47
"1873",2014,2,16,50
"1874",2014,2,17,53
"1875",2014,2,18,60
"1876",2014,2,19,57
"1877",2014,2,20,63
"1878",2014,2,21,60
"1879",2014,2,22,56
"1880",2014,2,23,39
"1881",2014,2,24,53
"1882",2014,2,25,70
"1883",2014,2,26,60
"1884",2014,2,27,52
"1885",2014,2,28,64
"1886",2014,3,1,55
"1887",2014,3,2,52
"1888",2014,3,3,68
"1889",2014,3,4,51
"1890",2014,3,5,43
"1891",2014,3,6,57
"1892",2014,3,7,67
"1893",2014,3,8,52
"1894",2014,3,9,35
"1895",2014,3,10,56
"1896",2014,3,11,60
"1897",2014,3,12,65
"1898",2014,3,13,57
"1899",2014,3,14,58
"1900",2014,3,15,52
"1901",2014,3,16,58
"1902",2014,3,17,61
"1903",2014,3,18,59
"1904",2014,3,19,58
"1905",2014,3,20,56
"1906",2014,3,21,57
"1907",2014,3,22,55
"1908",2014,3,23,43
"1909",2014,3,24,58
"1910",2014,3,25,51
"1911",2014,3,26,52
"1912",2014,3,27,55
"1913",2014,3,28,66
"1914",2014,3,29,46
"1915",2014,3,30,43
"1916",2014,3,31,55
"1917",2014,4,1,51
"1918",2014,4,2,51
"1919",2014,4,3,63
"1920",2014,4,4,59
"1921",2014,4,5,41
"1922",2014,4,6,39
"1923",2014,4,7,64
"1924",2014,4,8,70
"1925",2014,4,9,72
"1926",2014,4,10,63
"1927",2014,4,11,72
"1928",2014,4,12,45
"1929",2014,4,13,41
"1930",2014,4,14,69
"1931",2014,4,15,64
"1932",2014,4,16,65
"1933",2014,4,17,61
"1934",2014,4,18,61
"1935",2014,4,19,59
"1936",2014,4,20,41
"1937",2014,4,21,41
"1938",2014,4,22,78
"1939",2014,4,23,62
"1940",2014,4,24,76
"1941",2014,4,25,79
"1942",2014,4,26,56
"1943",2014,4,27,41
"1944",2014,4,28,73
"1945",2014,4,29,66
"1946",2014,4,30,71
"1947",2014,5,1,55
"1948",2014,5,2,55
"1949",2014,5,3,51
"1950",2014,5,4,45
"1951",2014,5,5,64
"1952",2014,5,6,71
"1953",2014,5,7,68
"1954",2014,5,8,62
"1955",2014,5,9,54
"1956",2014,5,10,44
"1957",2014,5,11,43
"1958",2014,5,12,67
"1959",2014,5,13,61
"1960",2014,5,14,61
"1961",2014,5,15,56
"1962",2014,5,16,58
"1963",2014,5,17,52
"1964",2014,5,18,40
"1965",2014,5,19,57
"1966",2014,5,20,59
"1967",2014,5,21,61
"1968",2014,5,22,78
"1969",2014,5,23,56
"1970",2014,5,24,62
"1971",2014,5,25,35
"1972",2014,5,26,70
"1973",2014,5,27,65
"1974",2014,5,28,62
"1975",2014,5,29,66
"1976",2014,5,30,73
"1977",2014,5,31,55
"1978",2014,6,1,39
"1979",2014,6,2,58
"1980",2014,6,3,59
"1981",2014,6,4,54
"1982",2014,6,5,63
"1983",2014,6,6,70
"1984",2014,6,7,49
"1985",2014,6,8,44
"1986",2014,6,9,69
"1987",2014,6,10,67
"1988",2014,6,11,69
"1989",2014,6,12,67
"1990",2014,6,13,59
"1991",2014,6,14,51
"1992",2014,6,15,44
"1993",2014,6,16,52
"1994",2014,6,17,66
"1995",2014,6,18,68
"1996",2014,6,19,55
"1997",2014,6,20,62
"1998",2014,6,21,56
"1999",2014,6,22,56
"2000",2014,6,23,60
"2001",2014,6,24,74
"2002",2014,6,25,50
"2003",2014,6,26,64
"2004",2014,6,27,75
"2005",2014,6,28,50
"2006",2014,6,29,51
"2007",2014,6,30,66
"2008",2014,7,1,61
"2009",2014,7,2,59
"2010",2014,7,3,70
"2011",2014,7,4,65
"2012",2014,7,5,47
"2013",2014,7,6,40
"2014",2014,7,7,65
"2015",2014,7,8,63
"2016",2014,7,9,61
"2017",2014,7,10,73
"2018",2014,7,11,76
"2019",2014,7,12,48
"2020",2014,7,13,63
"2021",2014,7,14,87
"2022",2014,7,15,64
"2023",2014,7,16,73
"2024",2014,7,17,73
"2025",2014,7,18,50
"2026",2014,7,19,68
"2027",2014,7,20,60
"2028",2014,7,21,68
"2029",2014,7,22,57
"2030",2014,7,23,75
"2031",2014,7,24,74
"2032",2014,7,25,63
"2033",2014,7,26,56
"2034",2014,7,27,36
"2035",2014,7,28,64
"2036",2014,7,29,66
"2037",2014,7,30,70
"2038",2014,7,31,59
"2039",2014,8,1,60
"2040",2014,8,2,58
"2041",2014,8,3,60
"2042",2014,8,4,77
"2043",2014,8,5,79
"2044",2014,8,6,63
"2045",2014,8,7,66
"2046",2014,8,8,67
"2047",2014,8,9,54
"2048",2014,8,10,52
"2049",2014,8,11,80
"2050",2014,8,12,55
"2051",2014,8,13,62
"2052",2014,8,14,84
"2053",2014,8,15,56
"2054",2014,8,16,51
"2055",2014,8,17,58
"2056",2014,8,18,63
"2057",2014,8,19,60
"2058",2014,8,20,64
"2059",2014,8,21,77
"2060",2014,8,22,72
"2061",2014,8,23,42
"2062",2014,8,24,39
"2063",2014,8,25,70
"2064",2014,8,26,53
"2065",2014,8,27,75
"2066",2014,8,28,63
"2067",2014,8,29,71
"2068",2014,8,30,60
"2069",2014,8,31,43
"2070",2014,9,1,68
"2071",2014,9,2,54
"2072",2014,9,3,52
"2073",2014,9,4,65
"2074",2014,9,5,65
"2075",2014,9,6,48
"2076",2014,9,7,29
"2077",2014,9,8,58
"2078",2014,9,9,69
"2079",2014,9,10,69
"2080",2014,9,11,68
"2081",2014,9,12,62
"2082",2014,9,13,54
"2083",2014,9,14,43
"2084",2014,9,15,65
"2085",2014,9,16,84
"2086",2014,9,17,71
"2087",2014,9,18,73
"2088",2014,9,19,72
"2089",2014,9,20,65
"2090",2014,9,21,47
"2091",2014,9,22,70
"2092",2014,9,23,67
"2093",2014,9,24,70
"2094",2014,9,25,61
"2095",2014,9,26,72
"2096",2014,9,27,49
"2097",2014,9,28,46
"2098",2014,9,29,71
"2099",2014,9,30,58
"2100",2014,10,1,78
"2101",2014,10,2,64
"2102",2014,10,3,62
"2103",2014,10,4,54
"2104",2014,10,5,42
"2105",2014,10,6,77
"2106",2014,10,7,70
"2107",2014,10,8,57
"2108",2014,10,9,53
"2109",2014,10,10,77
"2110",2014,10,11,40
"2111",2014,10,12,42
"2112",2014,10,13,66
"2113",2014,10,14,57
"2114",2014,10,15,71
"2115",2014,10,16,68
"2116",2014,10,17,68
"2117",2014,10,18,46
"2118",2014,10,19,50
"2119",2014,10,20,63
"2120",2014,10,21,69
"2121",2014,10,22,61
"2122",2014,10,23,62
"2123",2014,10,24,62
"2124",2014,10,25,41
"2125",2014,10,26,59
"2126",2014,10,27,55
"2127",2014,10,28,63
"2128",2014,10,29,71
"2129",2014,10,30,57
"2130",2014,10,31,48
"2131",2014,11,1,41
"2132",2014,11,2,52
"2133",2014,11,3,60
"2134",2014,11,4,60
"2135",2014,11,5,55
"2136",2014,11,6,71
"2137",2014,11,7,61
"2138",2014,11,8,54
"2139",2014,11,9,42
"2140",2014,11,10,63
"2141",2014,11,11,63
"2142",2014,11,12,60
"2143",2014,11,13,49
"2144",2014,11,14,60
"2145",2014,11,15,33
"2146",2014,11,16,44
"2147",2014,11,17,64
"2148",2014,11,18,46
"2149",2014,11,19,41
"2150",2014,11,20,56
"2151",2014,11,21,61
"2152",2014,11,22,53
"2153",2014,11,23,35
"2154",2014,11,24,56
"2155",2014,11,25,56
"2156",2014,11,26,52
"2157",2014,11,27,51
"2158",2014,11,28,61
"2159",2014,11,29,53
"2160",2014,11,30,35
"2161",2014,12,1,57
"2162",2014,12,2,56
"2163",2014,12,3,59
"2164",2014,12,4,52
"2165",2014,12,5,56
"2166",2014,12,6,35
"2167",2014,12,7,42
"2168",2014,12,8,64
"2169",2014,12,9,64
"2170",2014,12,10,37
"2171",2014,12,11,54
"2172",2014,12,12,63
"2173",2014,12,13,38
"2174",2014,12,14,33
"2175",2014,12,15,56
"2176",2014,12,16,66
"2177",2014,12,17,63
"2178",2014,12,18,61
"2179",2014,12,19,60
"2180",2014,12,20,41
"2181",2014,12,21,44
"2182",2014,12,22,64
"2183",2014,12,23,58
"2184",2014,12,24,62
"2185",2014,12,25,43
"2186",2014,12,26,45
"2187",2014,12,27,42
"2188",2014,12,28,54
"2189",2014,12,29,57
"2190",2014,12,30,53
"2191",2014,12,31,52
"2192",2015,1,1,38
"2193",2015,1,2,65
"2194",2015,1,3,59
"2195",2015,1,4,53
"2196",2015,1,5,63
"2197",2015,1,6,67
"2198",2015,1,7,53
"2199",2015,1,8,59
"2200",2015,1,9,54
"2201",2015,1,10,44
"2202",2015,1,11,37
"2203",2015,1,12,56
"2204",2015,1,13,67
"2205",2015,1,14,63
"2206",2015,1,15,63
"2207",2015,1,16,74
"2208",2015,1,17,54
"2209",2015,1,18,47
"2210",2015,1,19,58
"2211",2015,1,20,66
"2212",2015,1,21,63
"2213",2015,1,22,56
"2214",2015,1,23,61
"2215",2015,1,24,41
"2216",2015,1,25,38
"2217",2015,1,26,63
"2218",2015,1,27,51
"2219",2015,1,28,44
"2220",2015,1,29,59
"2221",2015,1,30,67
"2222",2015,1,31,46
"2223",2015,2,1,43
"2224",2015,2,2,71
"2225",2015,2,3,59
"2226",2015,2,4,56
"2227",2015,2,5,68
"2228",2015,2,6,64
"2229",2015,2,7,51
"2230",2015,2,8,41
"2231",2015,2,9,66
"2232",2015,2,10,58
"2233",2015,2,11,53
"2234",2015,2,12,69
"2235",2015,2,13,50
"2236",2015,2,14,44
"2237",2015,2,15,40
"2238",2015,2,16,49
"2239",2015,2,17,67
"2240",2015,2,18,64
"2241",2015,2,19,48
"2242",2015,2,20,62
"2243",2015,2,21,42
"2244",2015,2,22,48
"2245",2015,2,23,68
"2246",2015,2,24,61
"2247",2015,2,25,61
"2248",2015,2,26,55
"2249",2015,2,27,63
"2250",2015,2,28,39
"2251",2015,3,1,36
"2252",2015,3,2,49
"2253",2015,3,3,61
"2254",2015,3,4,55
"2255",2015,3,5,63
"2256",2015,3,6,80
"2257",2015,3,7,29
"2258",2015,3,8,44
"2259",2015,3,9,44
"2260",2015,3,10,67
"2261",2015,3,11,52
"2262",2015,3,12,57
"2263",2015,3,13,60
"2264",2015,3,14,39
"2265",2015,3,15,48
"2266",2015,3,16,51
"2267",2015,3,17,66
"2268",2015,3,18,63
"2269",2015,3,19,59
"2270",2015,3,20,56
"2271",2015,3,21,35
"2272",2015,3,22,36
"2273",2015,3,23,51
"2274",2015,3,24,59
"2275",2015,3,25,51
"2276",2015,3,26,33
"2277",2015,3,27,54
"2278",2015,3,28,51
"2279",2015,3,29,40
"2280",2015,3,30,43
"2281",2015,3,31,67
"2282",2015,4,1,52
"2283",2015,4,2,43
"2284",2015,4,3,59
"2285",2015,4,4,40
"2286",2015,4,5,38
"2287",2015,4,6,51
"2288",2015,4,7,59
"2289",2015,4,8,66
"2290",2015,4,9,55
"2291",2015,4,10,89
"2292",2015,4,11,39
"2293",2015,4,12,37
"2294",2015,4,13,65
"2295",2015,4,14,62
"2296",2015,4,15,58
"2297",2015,4,16,61
"2298",2015,4,17,67
"2299",2015,4,18,45
"2300",2015,4,19,45
"2301",2015,4,20,75
"2302",2015,4,21,55
"2303",2015,4,22,53
"2304",2015,4,23,62
"2305",2015,4,24,65
"2306",2015,4,25,44
"2307",2015,4,26,44
"2308",2015,4,27,54
"2309",2015,4,28,47
"2310",2015,4,29,70
"2311",2015,4,30,62
"2312",2015,5,1,49
"2313",2015,5,2,55
"2314",2015,5,3,49
"2315",2015,5,4,82
"2316",2015,5,5,62
"2317",2015,5,6,61
"2318",2015,5,7,57
"2319",2015,5,8,66
"2320",2015,5,9,54
"2321",2015,5,10,54
"2322",2015,5,11,68
"2323",2015,5,12,60
"2324",2015,5,13,75
"2325",2015,5,14,69
"2326",2015,5,15,68
"2327",2015,5,16,46
"2328",2015,5,17,48
"2329",2015,5,18,53
"2330",2015,5,19,56
"2331",2015,5,20,65
"2332",2015,5,21,52
"2333",2015,5,22,66
"2334",2015,5,23,49
"2335",2015,5,24,54
"2336",2015,5,25,85
"2337",2015,5,26,59
"2338",2015,5,27,52
"2339",2015,5,28,55
"2340",2015,5,29,56
"2341",2015,5,30,51
"2342",2015,5,31,50
"2343",2015,6,1,66
"2344",2015,6,2,66
"2345",2015,6,3,59
"2346",2015,6,4,62
"2347",2015,6,5,58
"2348",2015,6,6,52
"2349",2015,6,7,39
"2350",2015,6,8,64
"2351",2015,6,9,66
"2352",2015,6,10,56
"2353",2015,6,11,61
"2354",2015,6,12,67
"2355",2015,6,13,45
"2356",2015,6,14,33
"2357",2015,6,15,76
"2358",2015,6,16,71
"2359",2015,6,17,70
"2360",2015,6,18,72
"2361",2015,6,19,56
"2362",2015,6,20,54
"2363",2015,6,21,47
"2364",2015,6,22,59
"2365",2015,6,23,55
"2366",2015,6,24,83
"2367",2015,6,25,65
"2368",2015,6,26,67
"2369",2015,6,27,54
"2370",2015,6,28,51
"2371",2015,6,29,60
"2372",2015,6,30,68
"2373",2015,7,1,64
"2374",2015,7,2,76
"2375",2015,7,3,74
"2376",2015,7,4,50
"2377",2015,7,5,51
"2378",2015,7,6,82
"2379",2015,7,7,75
"2380",2015,7,8,78
"2381",2015,7,9,54
"2382",2015,7,10,61
"2383",2015,7,11,49
"2384",2015,7,12,50
"2385",2015,7,13,61
"2386",2015,7,14,67
"2387",2015,7,15,65
"2388",2015,7,16,57
"2389",2015,7,17,65
"2390",2015,7,18,48
"2391",2015,7,19,52
"2392",2015,7,20,61
"2393",2015,7,21,71
"2394",2015,7,22,58
"2395",2015,7,23,50
"2396",2015,7,24,63
"2397",2015,7,25,40
"2398",2015,7,26,52
"2399",2015,7,27,69
"2400",2015,7,28,54
"2401",2015,7,29,66
"2402",2015,7,30,76
"2403",2015,7,31,71
"2404",2015,8,1,53
"2405",2015,8,2,42
"2406",2015,8,3,60
"2407",2015,8,4,49
"2408",2015,8,5,70
"2409",2015,8,6,58
"2410",2015,8,7,75
"2411",2015,8,8,64
"2412",2015,8,9,40
"2413",2015,8,10,50
"2414",2015,8,11,73
"2415",2015,8,12,67
"2416",2015,8,13,47
"2417",2015,8,14,59
"2418",2015,8,15,57
"2419",2015,8,16,46
"2420",2015,8,17,69
"2421",2015,8,18,73
"2422",2015,8,19,67
"2423",2015,8,20,70
"2424",2015,8,21,58
"2425",2015,8,22,54
"2426",2015,8,23,48
"2427",2015,8,24,61
"2428",2015,8,25,73
"2429",2015,8,26,58
"2430",2015,8,27,51
"2431",2015,8,28,58
"2432",2015,8,29,48
"2433",2015,8,30,54
"2434",2015,8,31,68
"2435",2015,9,1,58
"2436",2015,9,2,63
"2437",2015,9,3,58
"2438",2015,9,4,59
"2439",2015,9,5,50
"2440",2015,9,6,44
"2441",2015,9,7,68
"2442",2015,9,8,73
"2443",2015,9,9,62
"2444",2015,9,10,67
"2445",2015,9,11,56
"2446",2015,9,12,39
"2447",2015,9,13,38
"2448",2015,9,14,58
"2449",2015,9,15,58
"2450",2015,9,16,64
"2451",2015,9,17,47
"2452",2015,9,18,69
"2453",2015,9,19,38
"2454",2015,9,20,60
"2455",2015,9,21,65
"2456",2015,9,22,79
"2457",2015,9,23,81
"2458",2015,9,24,70
"2459",2015,9,25,83
"2460",2015,9,26,54
"2461",2015,9,27,48
"2462",2015,9,28,54
"2463",2015,9,29,74
"2464",2015,9,30,70
"2465",2015,10,1,77
"2466",2015,10,2,67
"2467",2015,10,3,54
"2468",2015,10,4,48
"2469",2015,10,5,72
"2470",2015,10,6,71
"2471",2015,10,7,78
"2472",2015,10,8,63
"2473",2015,10,9,56
"2474",2015,10,10,55
"2475",2015,10,11,36
"2476",2015,10,12,68
"2477",2015,10,13,54
"2478",2015,10,14,50
"2479",2015,10,15,46
"2480",2015,10,16,57
"2481",2015,10,17,59
"2482",2015,10,18,40
"2483",2015,10,19,57
"2484",2015,10,20,53
"2485",2015,10,21,62
"2486",2015,10,22,65
"2487",2015,10,23,60
"2488",2015,10,24,35
"2489",2015,10,25,47
"2490",2015,10,26,59
"2491",2015,10,27,63
"2492",2015,10,28,50
"2493",2015,10,29,55
"2494",2015,10,30,52
"2495",2015,10,31,50
"2496",2015,11,1,39
"2497",2015,11,2,68
"2498",2015,11,3,51
"2499",2015,11,4,52
"2500",2015,11,5,56
"2501",2015,11,6,63
"2502",2015,11,7,51
"2503",2015,11,8,42
"2504",2015,11,9,55
"2505",2015,11,10,58
"2506",2015,11,11,56
"2507",2015,11,12,46
"2508",2015,11,13,60
"2509",2015,11,14,46
"2510",2015,11,15,52
"2511",2015,11,16,56
"2512",2015,11,17,67
"2513",2015,11,18,51
"2514",2015,11,19,60
"2515",2015,11,20,69
"2516",2015,11,21,44
"2517",2015,11,22,51
"2518",2015,11,23,65
"2519",2015,11,24,47
"2520",2015,11,25,58
"2521",2015,11,26,46
"2522",2015,11,27,53
"2523",2015,11,28,36
"2524",2015,11,29,50
"2525",2015,11,30,60
"2526",2015,12,1,42
"2527",2015,12,2,56
"2528",2015,12,3,53
"2529",2015,12,4,68
"2530",2015,12,5,48
"2531",2015,12,6,53
"2532",2015,12,7,62
"2533",2015,12,8,46
"2534",2015,12,9,46
"2535",2015,12,10,55
"2536",2015,12,11,62
"2537",2015,12,12,39
"2538",2015,12,13,42
"2539",2015,12,14,63
"2540",2015,12,15,65
"2541",2015,12,16,66
"2542",2015,12,17,60
"2543",2015,12,18,46
"2544",2015,12,19,43
"2545",2015,12,20,46
"2546",2015,12,21,53
"2547",2015,12,22,51
"2548",2015,12,23,59
"2549",2015,12,24,39
"2550",2015,12,25,36
"2551",2015,12,26,36
"2552",2015,12,27,42
"2553",2015,12,28,44
"2554",2015,12,29,44
"2555",2015,12,30,49
"2556",2015,12,31,45
"2557",2016,1,1,42
"2558",2016,1,2,51
"2559",2016,1,3,41
"2560",2016,1,4,57
"2561",2016,1,5,56
"2562",2016,1,6,67
"2563",2016,1,7,51
"2564",2016,1,8,66
"2565",2016,1,9,45
"2566",2016,1,10,40
"2567",2016,1,11,57
"2568",2016,1,12,57
"2569",2016,1,13,59
"2570",2016,1,14,66
"2571",2016,1,15,45
"2572",2016,1,16,57
"2573",2016,1,17,48
"2574",2016,1,18,68
"2575",2016,1,19,62
"2576",2016,1,20,66
"2577",2016,1,21,68
"2578",2016,1,22,76
"2579",2016,1,23,49
"2580",2016,1,24,41
"2581",2016,1,25,57
"2582",2016,1,26,60
"2583",2016,1,27,54
"2584",2016,1,28,48
"2585",2016,1,29,57
"2586",2016,1,30,42
"2587",2016,1,31,49
"2588",2016,2,1,54
"2589",2016,2,2,64
"2590",2016,2,3,60
"2591",2016,2,4,49
"2592",2016,2,5,64
"2593",2016,2,6,46
"2594",2016,2,7,52
"2595",2016,2,8,46
"2596",2016,2,9,62
"2597",2016,2,10,62
"2598",2016,2,11,39
"2599",2016,2,12,55
"2600",2016,2,13,46
"2601",2016,2,14,48
"2602",2016,2,15,62
"2603",2016,2,16,52
"2604",2016,2,17,61
"2605",2016,2,18,47
"2606",2016,2,19,43
"2607",2016,2,20,39
"2608",2016,2,21,37
"2609",2016,2,22,65
"2610",2016,2,23,65
"2611",2016,2,24,56
"2612",2016,2,25,56
"2613",2016,2,26,75
"2614",2016,2,27,47
"2615",2016,2,28,35
"2616",2016,2,29,42
"2617",2016,3,1,66
"2618",2016,3,2,63
"2619",2016,3,3,62
"2620",2016,3,4,66
"2621",2016,3,5,39
"2622",2016,3,6,34
"2623",2016,3,7,62
"2624",2016,3,8,63
"2625",2016,3,9,57
"2626",2016,3,10,57
"2627",2016,3,11,54
"2628",2016,3,12,41
"2629",2016,3,13,52
"2630",2016,3,14,62
"2631",2016,3,15,51
"2632",2016,3,16,68
"2633",2016,3,17,51
"2634",2016,3,18,50
"2635",2016,3,19,48
"2636",2016,3,20,35
"2637",2016,3,21,47
"2638",2016,3,22,57
"2639",2016,3,23,60
"2640",2016,3,24,49
"2641",2016,3,25,73
"2642",2016,3,26,62
"2643",2016,3,27,44
"2644",2016,3,28,39
"2645",2016,3,29,59
"2646",2016,3,30,53
"2647",2016,3,31,60
"2648",2016,4,1,60
"2649",2016,4,2,59
"2650",2016,4,3,50
"2651",2016,4,4,62
"2652",2016,4,5,67
"2653",2016,4,6,51
"2654",2016,4,7,59
"2655",2016,4,8,64
"2656",2016,4,9,54
"2657",2016,4,10,37
"2658",2016,4,11,49
"2659",2016,4,12,55
"2660",2016,4,13,54
"2661",2016,4,14,56
"2662",2016,4,15,73
"2663",2016,4,16,48
"2664",2016,4,17,50
"2665",2016,4,18,52
"2666",2016,4,19,54
"2667",2016,4,20,57
"2668",2016,4,21,56
"2669",2016,4,22,63
"2670",2016,4,23,49
"2671",2016,4,24,36
"2672",2016,4,25,39
"2673",2016,4,26,60
"2674",2016,4,27,41
"2675",2016,4,28,59
"2676",2016,4,29,61
"2677",2016,4,30,55
"2678",2016,5,1,42
"2679",2016,5,2,56
"2680",2016,5,3,49
"2681",2016,5,4,71
"2682",2016,5,5,56
"2683",2016,5,6,55
"2684",2016,5,7,39
"2685",2016,5,8,45
"2686",2016,5,9,68
"2687",2016,5,10,66
"2688",2016,5,11,45
"2689",2016,5,12,65
"2690",2016,5,13,48
"2691",2016,5,14,40
"2692",2016,5,15,40
"2693",2016,5,16,66
"2694",2016,5,17,55
"2695",2016,5,18,68
"2696",2016,5,19,57
"2697",2016,5,20,61
"2698",2016,5,21,44
"2699",2016,5,22,57
"2700",2016,5,23,68
"2701",2016,5,24,49
"2702",2016,5,25,57
"2703",2016,5,26,68
"2704",2016,5,27,53
"2705",2016,5,28,47
"2706",2016,5,29,59
"2707",2016,5,30,65
"2708",2016,5,31,57
"2709",2016,6,1,56
"2710",2016,6,2,66
"2711",2016,6,3,67
"2712",2016,6,4,35
"2713",2016,6,5,44
"2714",2016,6,6,62
"2715",2016,6,7,58
"2716",2016,6,8,67
"2717",2016,6,9,60
"2718",2016,6,10,64
"2719",2016,6,11,42
"2720",2016,6,12,35
"2721",2016,6,13,68
"2722",2016,6,14,55
"2723",2016,6,15,59
"2724",2016,6,16,54
"2725",2016,6,17,55
"2726",2016,6,18,46
"2727",2016,6,19,37
"2728",2016,6,20,70
"2729",2016,6,21,62
"2730",2016,6,22,80
"2731",2016,6,23,73
"2732",2016,6,24,58
"2733",2016,6,25,47
"2734",2016,6,26,55
"2735",2016,6,27,60
"2736",2016,6,28,54
"2737",2016,6,29,59
"2738",2016,6,30,62
"2739",2016,7,1,60
"2740",2016,7,2,46
"2741",2016,7,3,40
"2742",2016,7,4,60
"2743",2016,7,5,68
"2744",2016,7,6,57
"2745",2016,7,7,56
"2746",2016,7,8,83
"2747",2016,7,9,58
"2748",2016,7,10,51
"2749",2016,7,11,51
"2750",2016,7,12,52
"2751",2016,7,13,65
"2752",2016,7,14,65
"2753",2016,7,15,69
"2754",2016,7,16,52
"2755",2016,7,17,37
"2756",2016,7,18,72
"2757",2016,7,19,82
"2758",2016,7,20,83
"2759",2016,7,21,83
"2760",2016,7,22,65
"2761",2016,7,23,41
"2762",2016,7,24,57
"2763",2016,7,25,67
"2764",2016,7,26,54
"2765",2016,7,27,74
"2766",2016,7,28,73
"2767",2016,7,29,78
"2768",2016,7,30,46
"2769",2016,7,31,53
"2770",2016,8,1,64
"2771",2016,8,2,53
"2772",2016,8,3,66
"2773",2016,8,4,61
"2774",2016,8,5,70
"2775",2016,8,6,51
"2776",2016,8,7,42
"2777",2016,8,8,72
"2778",2016,8,9,54
"2779",2016,8,10,55
"2780",2016,8,11,58
"2781",2016,8,12,66
"2782",2016,8,13,58
"2783",2016,8,14,61
"2784",2016,8,15,52
"2785",2016,8,16,68
"2786",2016,8,17,72
"2787",2016,8,18,53
"2788",2016,8,19,56
"2789",2016,8,20,53
"2790",2016,8,21,57
"2791",2016,8,22,72
"2792",2016,8,23,75
"2793",2016,8,24,61
"2794",2016,8,25,55
"2795",2016,8,26,68
"2796",2016,8,27,56
"2797",2016,8,28,56
"2798",2016,8,29,50
"2799",2016,8,30,71
"2800",2016,8,31,56
"2801",2016,9,1,58
"2802",2016,9,2,79
"2803",2016,9,3,45
"2804",2016,9,4,39
"2805",2016,9,5,71
"2806",2016,9,6,68
"2807",2016,9,7,62
"2808",2016,9,8,62
"2809",2016,9,9,71
"2810",2016,9,10,43
"2811",2016,9,11,40
"2812",2016,9,12,92
"2813",2016,9,13,42
"2814",2016,9,14,74
"2815",2016,9,15,66
"2816",2016,9,16,71
"2817",2016,9,17,59
"2818",2016,9,18,56
"2819",2016,9,19,78
"2820",2016,9,20,79
"2821",2016,9,21,67
"2822",2016,9,22,54
"2823",2016,9,23,67
"2824",2016,9,24,55
"2825",2016,9,25,52
"2826",2016,9,26,60
"2827",2016,9,27,52
"2828",2016,9,28,58
"2829",2016,9,29,56
"2830",2016,9,30,76
"2831",2016,10,1,55
"2832",2016,10,2,48
"2833",2016,10,3,76
"2834",2016,10,4,67
"2835",2016,10,5,56
"2836",2016,10,6,55
"2837",2016,10,7,69
"2838",2016,10,8,38
"2839",2016,10,9,42
"2840",2016,10,10,73
"2841",2016,10,11,57
"2842",2016,10,12,54
"2843",2016,10,13,50
"2844",2016,10,14,58
"2845",2016,10,15,36
"2846",2016,10,16,54
"2847",2016,10,17,54
"2848",2016,10,18,34
"2849",2016,10,19,62
"2850",2016,10,20,49
"2851",2016,10,21,73
"2852",2016,10,22,53
"2853",2016,10,23,45
"2854",2016,10,24,51
"2855",2016,10,25,48
"2856",2016,10,26,47
"2857",2016,10,27,66
"2858",2016,10,28,63
"2859",2016,10,29,55
"2860",2016,10,30,35
"2861",2016,10,31,53
"2862",2016,11,1,33
"2863",2016,11,2,71
"2864",2016,11,3,64
"2865",2016,11,4,59
"2866",2016,11,5,39
"2867",2016,11,6,43
"2868",2016,11,7,62
"2869",2016,11,8,75
"2870",2016,11,9,55
"2871",2016,11,10,54
"2872",2016,11,11,58
"2873",2016,11,12,51
"2874",2016,11,13,39
"2875",2016,11,14,37
"2876",2016,11,15,57
"2877",2016,11,16,52
"2878",2016,11,17,69
"2879",2016,11,18,49
"2880",2016,11,19,40
"2881",2016,11,20,44
"2882",2016,11,21,53
"2883",2016,11,22,48
"2884",2016,11,23,53
"2885",2016,11,24,46
"2886",2016,11,25,46
"2887",2016,11,26,39
"2888",2016,11,27,49
"2889",2016,11,28,63
"2890",2016,11,29,51
"2891",2016,11,30,46
"2892",2016,12,1,60
"2893",2016,12,2,59
"2894",2016,12,3,48
"2895",2016,12,4,41
"2896",2016,12,5,55
"2897",2016,12,6,58
"2898",2016,12,7,53
"2899",2016,12,8,51
"2900",2016,12,9,48
"2901",2016,12,10,56
"2902",2016,12,11,34
"2903",2016,12,12,40
"2904",2016,12,13,59
"2905",2016,12,14,47
"2906",2016,12,15,49
"2907",2016,12,16,62
"2908",2016,12,17,41
"2909",2016,12,18,32
"2910",2016,12,19,57
"2911",2016,12,20,50
"2912",2016,12,21,54
"2913",2016,12,22,54
"2914",2016,12,23,62
"2915",2016,12,24,37
"2916",2016,12,25,36
"2917",2016,12,26,41
"2918",2016,12,27,49
"2919",2016,12,28,62
"2920",2016,12,29,51
"2921",2016,12,30,48
"2922",2016,12,31,47
"2923",2017,1,1,37
"2924",2017,1,2,37
"2925",2017,1,3,54
"2926",2017,1,4,65
"2927",2017,1,5,46
"2928",2017,1,6,67
"2929",2017,1,7,44
"2930",2017,1,8,40
"2931",2017,1,9,55
"2932",2017,1,10,56
"2933",2017,1,11,68
"2934",2017,1,12,62
"2935",2017,1,13,57
"2936",2017,1,14,36
"2937",2017,1,15,34
"2938",2017,1,16,62
"2939",2017,1,17,55
"2940",2017,1,18,53
"2941",2017,1,19,65
"2942",2017,1,20,51
"2943",2017,1,21,53
"2944",2017,1,22,38
"2945",2017,1,23,54
"2946",2017,1,24,79
"2947",2017,1,25,61
"2948",2017,1,26,51
"2949",2017,1,27,60
"2950",2017,1,28,45
"2951",2017,1,29,39
"2952",2017,1,30,54
"2953",2017,1,31,48
"2954",2017,2,1,49
"2955",2017,2,2,67
"2956",2017,2,3,46
"2957",2017,2,4,43
"2958",2017,2,5,42
"2959",2017,2,6,70
"2960",2017,2,7,56
"2961",2017,2,8,52
"2962",2017,2,9,73
"2963",2017,2,10,71
"2964",2017,2,11,38
"2965",2017,2,12,30
"2966",2017,2,13,58
"2967",2017,2,14,59
"2968",2017,2,15,61
"2969",2017,2,16,60
"2970",2017,2,17,61
"2971",2017,2,18,44
"2972",2017,2,19,45
"2973",2017,2,20,56
"2974",2017,2,21,56
"2975",2017,2,22,50
"2976",2017,2,23,61
"2977",2017,2,24,60
"2978",2017,2,25,51
"2979",2017,2,26,33
"2980",2017,2,27,58
"2981",2017,2,28,53
"2982",2017,3,1,51
"2983",2017,3,2,40
"2984",2017,3,3,51
"2985",2017,3,4,60
"2986",2017,3,5,46
"2987",2017,3,6,47
"2988",2017,3,7,58
"2989",2017,3,8,71
"2990",2017,3,9,55
"2991",2017,3,10,56
"2992",2017,3,11,42
"2993",2017,3,12,47
"2994",2017,3,13,65
"2995",2017,3,14,71
"2996",2017,3,15,71
"2997",2017,3,16,61
"2998",2017,3,17,52
"2999",2017,3,18,45
"3000",2017,3,19,43
"3001",2017,3,20,55
"3002",2017,3,21,52
"3003",2017,3,22,51
"3004",2017,3,23,58
"3005",2017,3,24,54
"3006",2017,3,25,39
"3007",2017,3,26,31
"3008",2017,3,27,51
"3009",2017,3,28,45
"3010",2017,3,29,46
"3011",2017,3,30,55
"3012",2017,3,31,70
"3013",2017,4,1,45
"3014",2017,4,2,37
"3015",2017,4,3,56
"3016",2017,4,4,57
"3017",2017,4,5,47
"3018",2017,4,6,66
"3019",2017,4,7,54
"3020",2017,4,8,52
"3021",2017,4,9,48
"3022",2017,4,10,47
"3023",2017,4,11,69
"3024",2017,4,12,76
"3025",2017,4,13,51
"3026",2017,4,14,48
"3027",2017,4,15,47
"3028",2017,4,16,33
"3029",2017,4,17,33
"3030",2017,4,18,54
"3031",2017,4,19,79
"3032",2017,4,20,66
"3033",2017,4,21,65
"3034",2017,4,22,53
"3035",2017,4,23,41
"3036",2017,4,24,58
"3037",2017,4,25,66
"3038",2017,4,26,68
"3039",2017,4,27,47
"3040",2017,4,28,72
"3041",2017,4,29,51
"3042",2017,4,30,42
"3043",2017,5,1,48
"3044",2017,5,2,48
"3045",2017,5,3,66
"3046",2017,5,4,62
"3047",2017,5,5,59
"3048",2017,5,6,40
"3049",2017,5,7,51
"3050",2017,5,8,59
"3051",2017,5,9,48
"3052",2017,5,10,54
"3053",2017,5,11,44
"3054",2017,5,12,68
"3055",2017,5,13,55
"3056",2017,5,14,53
"3057",2017,5,15,49
"3058",2017,5,16,59
"3059",2017,5,17,57
"3060",2017,5,18,57
"3061",2017,5,19,66
"3062",2017,5,20,58
"3063",2017,5,21,38
"3064",2017,5,22,62
"3065",2017,5,23,61
"3066",2017,5,24,66
"3067",2017,5,25,61
"3068",2017,5,26,49
"3069",2017,5,27,57
"3070",2017,5,28,50
"3071",2017,5,29,55
"3072",2017,5,30,61
"3073",2017,5,31,72
"3074",2017,6,1,62
"3075",2017,6,2,77
"3076",2017,6,3,51
"3077",2017,6,4,47
"3078",2017,6,5,62
"3079",2017,6,6,62
"3080",2017,6,7,56
"3081",2017,6,8,58
"3082",2017,6,9,70
"3083",2017,6,10,54
"3084",2017,6,11,49
"3085",2017,6,12,65
"3086",2017,6,13,64
"3087",2017,6,14,62
"3088",2017,6,15,73
"3089",2017,6,16,74
"3090",2017,6,17,44
"3091",2017,6,18,37
"3092",2017,6,19,55
"3093",2017,6,20,59
"3094",2017,6,21,53
"3095",2017,6,22,64
"3096",2017,6,23,72
"3097",2017,6,24,47
"3098",2017,6,25,57
"3099",2017,6,26,52
"3100",2017,6,27,58
"3101",2017,6,28,54
"3102",2017,6,29,61
"3103",2017,6,30,52
"3104",2017,7,1,48
"3105",2017,7,2,32
"3106",2017,7,3,50
"3107",2017,7,4,61
"3108",2017,7,5,65
"3109",2017,7,6,67
"3110",2017,7,7,78
"3111",2017,7,8,56
"3112",2017,7,9,49
"3113",2017,7,10,80
"3114",2017,7,11,68
"3115",2017,7,12,47
"3116",2017,7,13,67
"3117",2017,7,14,70
"3118",2017,7,15,43
"3119",2017,7,16,61
"3120",2017,7,17,64
"3121",2017,7,18,58
"3122",2017,7,19,63
"3123",2017,7,20,77
"3124",2017,7,21,61
"3125",2017,7,22,62
"3126",2017,7,23,42
"3127",2017,7,24,76
"3128",2017,7,25,57
"3129",2017,7,26,68
"3130",2017,7,27,69
"3131",2017,7,28,81
"3132",2017,7,29,51
"3133",2017,7,30,51
"3134",2017,7,31,62
"3135",2017,8,1,60
"3136",2017,8,2,59
"3137",2017,8,3,62
"3138",2017,8,4,53
"3139",2017,8,5,55
"3140",2017,8,6,57
"3141",2017,8,7,73
"3142",2017,8,8,75
"3143",2017,8,9,69
"3144",2017,8,10,64
"3145",2017,8,11,68
"3146",2017,8,12,56
"3147",2017,8,13,48
"3148",2017,8,14,73
"3149",2017,8,15,48
"3150",2017,8,16,58
"3151",2017,8,17,84
"3152",2017,8,18,77
"3153",2017,8,19,53
"3154",2017,8,20,45
"3155",2017,8,21,53
"3156",2017,8,22,59
"3157",2017,8,23,68
"3158",2017,8,24,67
"3159",2017,8,25,67
"3160",2017,8,26,50
"3161",2017,8,27,31
"3162",2017,8,28,82
"3163",2017,8,29,53
"3164",2017,8,30,67
"3165",2017,8,31,59
"3166",2017,9,1,85
"3167",2017,9,2,48
"3168",2017,9,3,48
"3169",2017,9,4,58
"3170",2017,9,5,56
"3171",2017,9,6,64
"3172",2017,9,7,70
"3173",2017,9,8,62
"3174",2017,9,9,49
"3175",2017,9,10,40
"3176",2017,9,11,61
"3177",2017,9,12,66
"3178",2017,9,13,46
"3179",2017,9,14,54
"3180",2017,9,15,61
"3181",2017,9,16,51
"3182",2017,9,17,60
"3183",2017,9,18,45
"3184",2017,9,19,68
"3185",2017,9,20,60
"3186",2017,9,21,61
"3187",2017,9,22,73
"3188",2017,9,23,49
"3189",2017,9,24,41
"3190",2017,9,25,67
"3191",2017,9,26,68
"3192",2017,9,27,67
"3193",2017,9,28,62
"3194",2017,9,29,77
"3195",2017,9,30,48
"3196",2017,10,1,55
"3197",2017,10,2,72
"3198",2017,10,3,57
"3199",2017,10,4,57
"3200",2017,10,5,72
"3201",2017,10,6,49
"3202",2017,10,7,48
"3203",2017,10,8,46
"3204",2017,10,9,56
"3205",2017,10,10,58
"3206",2017,10,11,52
"3207",2017,10,12,66
"3208",2017,10,13,67
"3209",2017,10,14,46
"3210",2017,10,15,50
"3211",2017,10,16,64
"3212",2017,10,17,68
"3213",2017,10,18,59
"3214",2017,10,19,63
"3215",2017,10,20,58
"3216",2017,10,21,34
"3217",2017,10,22,48
"3218",2017,10,23,59
"3219",2017,10,24,58
"3220",2017,10,25,61
"3221",2017,10,26,62
"3222",2017,10,27,56
"3223",2017,10,28,54
"3224",2017,10,29,42
"3225",2017,10,30,57
"3226",2017,10,31,59
"3227",2017,11,1,45
"3228",2017,11,2,59
"3229",2017,11,3,71
"3230",2017,11,4,46
"3231",2017,11,5,36
"3232",2017,11,6,58
"3233",2017,11,7,63
"3234",2017,11,8,51
"3235",2017,11,9,64
"3236",2017,11,10,65
"3237",2017,11,11,58
"3238",2017,11,12,35
"3239",2017,11,13,47
"3240",2017,11,14,49
"3241",2017,11,15,60
"3242",2017,11,16,46
"3243",2017,11,17,58
"3244",2017,11,18,35
"3245",2017,11,19,32
"3246",2017,11,20,38
"3247",2017,11,21,48
"3248",2017,11,22,51
"3249",2017,11,23,50
"3250",2017,11,24,56
"3251",2017,11,25,54
"3252",2017,11,26,42
"3253",2017,11,27,58
"3254",2017,11,28,49
"3255",2017,11,29,63
"3256",2017,11,30,61
"3257",2017,12,1,54
"3258",2017,12,2,37
"3259",2017,12,3,24
"3260",2017,12,4,40
"3261",2017,12,5,66
"3262",2017,12,6,47
"3263",2017,12,7,62
"3264",2017,12,8,58
"3265",2017,12,9,37
"3266",2017,12,10,48
"3267",2017,12,11,59
"3268",2017,12,12,42
"3269",2017,12,13,63
"3270",2017,12,14,58
"3271",2017,12,15,67
"3272",2017,12,16,38
"3273",2017,12,17,35
"3274",2017,12,18,57
"3275",2017,12,19,53
"3276",2017,12,20,42
"3277",2017,12,21,54
"3278",2017,12,22,57
"3279",2017,12,23,43
"3280",2017,12,24,48
"3281",2017,12,25,45
"3282",2017,12,26,41
"3283",2017,12,27,53
"3284",2017,12,28,58
"3285",2017,12,29,46
"3286",2017,12,30,43
"3287",2017,12,31,43
"3288",2018,1,1,54
"3289",2018,1,2,38
"3290",2018,1,3,48
"3291",2018,1,4,56
"3292",2018,1,5,65
"3293",2018,1,6,46
"3294",2018,1,7,37
"3295",2018,1,8,61
"3296",2018,1,9,55
"3297",2018,1,10,57
"3298",2018,1,11,55
"3299",2018,1,12,67
"3300",2018,1,13,44
"3301",2018,1,14,50
"3302",2018,1,15,49
"3303",2018,1,16,40
"3304",2018,1,17,57
"3305",2018,1,18,39
"3306",2018,1,19,65
"3307",2018,1,20,48
"3308",2018,1,21,43
"3309",2018,1,22,63
"3310",2018,1,23,53
"3311",2018,1,24,61
"3312",2018,1,25,61
"3313",2018,1,26,51
"3314",2018,1,27,45
"3315",2018,1,28,50
"3316",2018,1,29,56
"3317",2018,1,30,55
"3318",2018,1,31,59
"3319",2018,2,1,59
"3320",2018,2,2,65
"3321",2018,2,3,48
"3322",2018,2,4,39
"3323",2018,2,5,55
"3324",2018,2,6,63
"3325",2018,2,7,54
"3326",2018,2,8,45
"3327",2018,2,9,57
"3328",2018,2,10,48
"3329",2018,2,11,49
"3330",2018,2,12,68
"3331",2018,2,13,49
"3332",2018,2,14,56
"3333",2018,2,15,54
"3334",2018,2,16,67
"3335",2018,2,17,55
"3336",2018,2,18,43
"3337",2018,2,19,47
"3338",2018,2,20,49
"3339",2018,2,21,57
"3340",2018,2,22,52
"3341",2018,2,23,47
"3342",2018,2,24,46
"3343",2018,2,25,40
"3344",2018,2,26,53
"3345",2018,2,27,51
"3346",2018,2,28,48
"3347",2018,3,1,61
"3348",2018,3,2,48
"3349",2018,3,3,52
"3350",2018,3,4,41
"3351",2018,3,5,67
"3352",2018,3,6,49
"3353",2018,3,7,57
"3354",2018,3,8,56
"3355",2018,3,9,52
"3356",2018,3,10,32
"3357",2018,3,11,48
"3358",2018,3,12,48
"3359",2018,3,13,72
"3360",2018,3,14,52
"3361",2018,3,15,46
"3362",2018,3,16,56
"3363",2018,3,17,38
"3364",2018,3,18,41
"3365",2018,3,19,59
"3366",2018,3,20,54
"3367",2018,3,21,48
"3368",2018,3,22,47
"3369",2018,3,23,57
"3370",2018,3,24,36
"3371",2018,3,25,42
"3372",2018,3,26,66
"3373",2018,3,27,57
"3374",2018,3,28,64
"3375",2018,3,29,63
"3376",2018,3,30,58
"3377",2018,3,31,44
"3378",2018,4,1,30
"3379",2018,4,2,41
"3380",2018,4,3,61
"3381",2018,4,4,54
"3382",2018,4,5,55
"3383",2018,4,6,61
"3384",2018,4,7,38
"3385",2018,4,8,42
"3386",2018,4,9,56
"3387",2018,4,10,61
"3388",2018,4,11,41
"3389",2018,4,12,56
"3390",2018,4,13,52
"3391",2018,4,14,40
"3392",2018,4,15,37
"3393",2018,4,16,52
"3394",2018,4,17,43
"3395",2018,4,18,62
"3396",2018,4,19,59
"3397",2018,4,20,60
"3398",2018,4,21,46
"3399",2018,4,22,42
"3400",2018,4,23,51
"3401",2018,4,24,81
"3402",2018,4,25,53
"3403",2018,4,26,66
"3404",2018,4,27,48
"3405",2018,4,28,41
"3406",2018,4,29,48
"3407",2018,4,30,48
"3408",2018,5,1,49
"3409",2018,5,2,42
"3410",2018,5,3,58
"3411",2018,5,4,61
"3412",2018,5,5,61
"3413",2018,5,6,44
"3414",2018,5,7,56
"3415",2018,5,8,57
"3416",2018,5,9,60
"3417",2018,5,10,61
"3418",2018,5,11,73
"3419",2018,5,12,36
"3420",2018,5,13,38
"3421",2018,5,14,58
"3422",2018,5,15,53
"3423",2018,5,16,58
"3424",2018,5,17,72
"3425",2018,5,18,43
"3426",2018,5,19,42
"3427",2018,5,20,48
"3428",2018,5,21,56
"3429",2018,5,22,47
"3430",2018,5,23,63
"3431",2018,5,24,67
"3432",2018,5,25,57
"3433",2018,5,26,45
"3434",2018,5,27,39
"3435",2018,5,28,54
"3436",2018,5,29,64
"3437",2018,5,30,63
"3438",2018,5,31,55
"3439",2018,6,1,76
"3440",2018,6,2,35
"3441",2018,6,3,39
"3442",2018,6,4,65
"3443",2018,6,5,62
"3444",2018,6,6,62
"3445",2018,6,7,54
"3446",2018,6,8,57
"3447",2018,6,9,47
"3448",2018,6,10,49
"3449",2018,6,11,51
"3450",2018,6,12,51
"3451",2018,6,13,54
"3452",2018,6,14,54
"3453",2018,6,15,68
"3454",2018,6,16,56
"3455",2018,6,17,41
"3456",2018,6,18,64
"3457",2018,6,19,69
"3458",2018,6,20,64
"3459",2018,6,21,54
"3460",2018,6,22,71
"3461",2018,6,23,33
"3462",2018,6,24,44
"3463",2018,6,25,49
"3464",2018,6,26,60
"3465",2018,6,27,72
"3466",2018,6,28,57
"3467",2018,6,29,68
"3468",2018,6,30,54
"3469",2018,7,1,45
"3470",2018,7,2,54
"3471",2018,7,3,68
"3472",2018,7,4,72
"3473",2018,7,5,83
"3474",2018,7,6,61
"3475",2018,7,7,48
"3476",2018,7,8,45
"3477",2018,7,9,69
"3478",2018,7,10,61
"3479",2018,7,11,65
"3480",2018,7,12,56
"3481",2018,7,13,71
"3482",2018,7,14,46
"3483",2018,7,15,46
"3484",2018,7,16,63
"3485",2018,7,17,79
"3486",2018,7,18,65
"3487",2018,7,19,45
"3488",2018,7,20,44
"3489",2018,7,21,54
"3490",2018,7,22,56
"3491",2018,7,23,59
"3492",2018,7,24,60
"3493",2018,7,25,70
"3494",2018,7,26,61
"3495",2018,7,27,62
"3496",2018,7,28,41
"3497",2018,7,29,38
"3498",2018,7,30,59
"3499",2018,7,31,65
"3500",2018,8,1,62
"3501",2018,8,2,79
"3502",2018,8,3,67
"3503",2018,8,4,51
"3504",2018,8,5,52
"3505",2018,8,6,57
"3506",2018,8,7,66
"3507",2018,8,8,66
"3508",2018,8,9,54
"3509",2018,8,10,66
"3510",2018,8,11,43
"3511",2018,8,12,43
"3512",2018,8,13,56
"3513",2018,8,14,67
"3514",2018,8,15,33
"3515",2018,8,16,67
"3516",2018,8,17,61
"3517",2018,8,18,47
"3518",2018,8,19,51
"3519",2018,8,20,57
"3520",2018,8,21,53
"3521",2018,8,22,59
"3522",2018,8,23,69
"3523",2018,8,24,61
"3524",2018,8,25,43
"3525",2018,8,26,38
"3526",2018,8,27,66
"3527",2018,8,28,62
"3528",2018,8,29,56
"3529",2018,8,30,67
"3530",2018,8,31,55
"3531",2018,9,1,49
"3532",2018,9,2,35
"3533",2018,9,3,64
"3534",2018,9,4,58
"3535",2018,9,5,62
"3536",2018,9,6,57
"3537",2018,9,7,56
"3538",2018,9,8,50
"3539",2018,9,9,40
"3540",2018,9,10,60
"3541",2018,9,11,65
"3542",2018,9,12,68
"3543",2018,9,13,70
"3544",2018,9,14,56
"3545",2018,9,15,41
"3546",2018,9,16,45
"3547",2018,9,17,55
"3548",2018,9,18,69
"3549",2018,9,19,64
"3550",2018,9,20,68
"3551",2018,9,21,72
"3552",2018,9,22,43
"3553",2018,9,23,45
"3554",2018,9,24,53
"3555",2018,9,25,73
"3556",2018,9,26,56
"3557",2018,9,27,64
"3558",2018,9,28,68
"3559",2018,9,29,46
"3560",2018,9,30,38
"3561",2018,10,1,57
"3562",2018,10,2,45
"3563",2018,10,3,78
"3564",2018,10,4,60
"3565",2018,10,5,74
"3566",2018,10,6,43
"3567",2018,10,7,31
"3568",2018,10,8,63
"3569",2018,10,9,54
"3570",2018,10,10,56
"3571",2018,10,11,60
"3572",2018,10,12,48
"3573",2018,10,13,41
"3574",2018,10,14,38
"3575",2018,10,15,52
"3576",2018,10,16,50
"3577",2018,10,17,56
"3578",2018,10,18,71
"3579",2018,10,19,47
"3580",2018,10,20,52
"3581",2018,10,21,52
"3582",2018,10,22,58
"3583",2018,10,23,54
"3584",2018,10,24,67
"3585",2018,10,25,65
"3586",2018,10,26,64
"3587",2018,10,27,48
"3588",2018,10,28,44
"3589",2018,10,29,48
"3590",2018,10,30,53
"3591",2018,10,31,42
"3592",2018,11,1,33
"3593",2018,11,2,64
"3594",2018,11,3,42
"3595",2018,11,4,50
"3596",2018,11,5,67
"3597",2018,11,6,61
"3598",2018,11,7,57
"3599",2018,11,8,61
"3600",2018,11,9,56
"3601",2018,11,10,53
"3602",2018,11,11,25
"3603",2018,11,12,65
"3604",2018,11,13,54
"3605",2018,11,14,44
"3606",2018,11,15,50
"3607",2018,11,16,62
"3608",2018,11,17,36
"3609",2018,11,18,45
"3610",2018,11,19,57
"3611",2018,11,20,56
"3612",2018,11,21,58
"3613",2018,11,22,52
"3614",2018,11,23,61
"3615",2018,11,24,35
"3616",2018,11,25,45
"3617",2018,11,26,61
"3618",2018,11,27,55
"3619",2018,11,28,59
"3620",2018,11,29,48
"3621",2018,11,30,48
"3622",2018,12,1,30
"3623",2018,12,2,36
"3624",2018,12,3,55
"3625",2018,12,4,59
"3626",2018,12,5,66
"3627",2018,12,6,54
"3628",2018,12,7,55
"3629",2018,12,8,30
"3630",2018,12,9,34
"3631",2018,12,10,54
"3632",2018,12,11,47
"3633",2018,12,12,50
"3634",2018,12,13,43
"3635",2018,12,14,53
"3636",2018,12,15,42
"3637",2018,12,16,30
"3638",2018,12,17,65
"3639",2018,12,18,54
"3640",2018,12,19,67
"3641",2018,12,20,58
"3642",2018,12,21,57
"3643",2018,12,22,52
"3644",2018,12,23,39
"3645",2018,12,24,56
"3646",2018,12,25,27
"3647",2018,12,26,33
"3648",2018,12,27,51
"3649",2018,12,28,49
"3650",2018,12,29,41
"3651",2018,12,30,37
"3652",2018,12,31,67
