"MESEC";"DAN V MESECU";Živorojeni
"2009M01";"1";47
"2009M01";"2";44
"2009M01";"3";49
"2009M01";"4";48
"2009M01";"5";80
"2009M01";"6";82
"2009M01";"7";71
"2009M01";"8";60
"2009M01";"9";74
"2009M01";"10";50
"2009M01";"11";48
"2009M01";"12";78
"2009M01";"13";65
"2009M01";"14";55
"2009M01";"15";65
"2009M01";"16";70
"2009M01";"17";58
"2009M01";"18";37
"2009M01";"19";75
"2009M01";"20";63
"2009M01";"21";47
"2009M01";"22";63
"2009M01";"23";71
"2009M01";"24";65
"2009M01";"25";62
"2009M01";"26";61
"2009M01";"27";62
"2009M01";"28";46
"2009M01";"29";62
"2009M01";"30";67
"2009M01";"31";54
"2009M02";"1";45
"2009M02";"2";64
"2009M02";"3";73
"2009M02";"4";52
"2009M02";"5";53
"2009M02";"6";64
"2009M02";"7";49
"2009M02";"8";43
"2009M02";"9";61
"2009M02";"10";61
"2009M02";"11";51
"2009M02";"12";65
"2009M02";"13";61
"2009M02";"14";47
"2009M02";"15";55
"2009M02";"16";66
"2009M02";"17";56
"2009M02";"18";55
"2009M02";"19";55
"2009M02";"20";56
"2009M02";"21";49
"2009M02";"22";45
"2009M02";"23";61
"2009M02";"24";46
"2009M02";"25";52
"2009M02";"26";56
"2009M02";"27";58
"2009M02";"28";39
"2009M02";"29";-
"2009M02";"30";-
"2009M02";"31";-
"2009M03";"1";43
"2009M03";"2";62
"2009M03";"3";72
"2009M03";"4";70
"2009M03";"5";64
"2009M03";"6";63
"2009M03";"7";53
"2009M03";"8";44
"2009M03";"9";60
"2009M03";"10";65
"2009M03";"11";44
"2009M03";"12";59
"2009M03";"13";72
"2009M03";"14";48
"2009M03";"15";37
"2009M03";"16";49
"2009M03";"17";52
"2009M03";"18";55
"2009M03";"19";66
"2009M03";"20";62
"2009M03";"21";46
"2009M03";"22";40
"2009M03";"23";60
"2009M03";"24";61
"2009M03";"25";68
"2009M03";"26";49
"2009M03";"27";79
"2009M03";"28";43
"2009M03";"29";49
"2009M03";"30";71
"2009M03";"31";61
"2009M04";"1";50
"2009M04";"2";78
"2009M04";"3";71
"2009M04";"4";41
"2009M04";"5";51
"2009M04";"6";63
"2009M04";"7";65
"2009M04";"8";49
"2009M04";"9";66
"2009M04";"10";64
"2009M04";"11";44
"2009M04";"12";56
"2009M04";"13";47
"2009M04";"14";72
"2009M04";"15";68
"2009M04";"16";57
"2009M04";"17";61
"2009M04";"18";49
"2009M04";"19";58
"2009M04";"20";65
"2009M04";"21";57
"2009M04";"22";55
"2009M04";"23";56
"2009M04";"24";51
"2009M04";"25";52
"2009M04";"26";41
"2009M04";"27";46
"2009M04";"28";68
"2009M04";"29";64
"2009M04";"30";79
"2009M04";"31";-
"2009M05";"1";65
"2009M05";"2";39
"2009M05";"3";55
"2009M05";"4";78
"2009M05";"5";66
"2009M05";"6";67
"2009M05";"7";69
"2009M05";"8";75
"2009M05";"9";68
"2009M05";"10";48
"2009M05";"11";54
"2009M05";"12";64
"2009M05";"13";71
"2009M05";"14";59
"2009M05";"15";66
"2009M05";"16";59
"2009M05";"17";47
"2009M05";"18";65
"2009M05";"19";72
"2009M05";"20";66
"2009M05";"21";83
"2009M05";"22";54
"2009M05";"23";41
"2009M05";"24";52
"2009M05";"25";71
"2009M05";"26";68
"2009M05";"27";75
"2009M05";"28";51
"2009M05";"29";61
"2009M05";"30";54
"2009M05";"31";44
"2009M06";"1";62
"2009M06";"2";65
"2009M06";"3";65
"2009M06";"4";72
"2009M06";"5";61
"2009M06";"6";55
"2009M06";"7";41
"2009M06";"8";59
"2009M06";"9";64
"2009M06";"10";77
"2009M06";"11";57
"2009M06";"12";66
"2009M06";"13";49
"2009M06";"14";33
"2009M06";"15";72
"2009M06";"16";51
"2009M06";"17";65
"2009M06";"18";78
"2009M06";"19";58
"2009M06";"20";53
"2009M06";"21";50
"2009M06";"22";70
"2009M06";"23";69
"2009M06";"24";66
"2009M06";"25";70
"2009M06";"26";88
"2009M06";"27";54
"2009M06";"28";52
"2009M06";"29";66
"2009M06";"30";59
"2009M06";"31";-
"2009M07";"1";71
"2009M07";"2";71
"2009M07";"3";79
"2009M07";"4";50
"2009M07";"5";54
"2009M07";"6";68
"2009M07";"7";47
"2009M07";"8";65
"2009M07";"9";78
"2009M07";"10";84
"2009M07";"11";49
"2009M07";"12";44
"2009M07";"13";71
"2009M07";"14";75
"2009M07";"15";70
"2009M07";"16";58
"2009M07";"17";77
"2009M07";"18";69
"2009M07";"19";59
"2009M07";"20";64
"2009M07";"21";73
"2009M07";"22";68
"2009M07";"23";65
"2009M07";"24";74
"2009M07";"25";58
"2009M07";"26";39
"2009M07";"27";78
"2009M07";"28";74
"2009M07";"29";65
"2009M07";"30";73
"2009M07";"31";57
"2009M08";"1";44
"2009M08";"2";51
"2009M08";"3";61
"2009M08";"4";61
"2009M08";"5";74
"2009M08";"6";71
"2009M08";"7";63
"2009M08";"8";51
"2009M08";"9";50
"2009M08";"10";67
"2009M08";"11";52
"2009M08";"12";49
"2009M08";"13";65
"2009M08";"14";67
"2009M08";"15";55
"2009M08";"16";53
"2009M08";"17";69
"2009M08";"18";74
"2009M08";"19";68
"2009M08";"20";76
"2009M08";"21";64
"2009M08";"22";56
"2009M08";"23";48
"2009M08";"24";65
"2009M08";"25";66
"2009M08";"26";60
"2009M08";"27";65
"2009M08";"28";72
"2009M08";"29";49
"2009M08";"30";50
"2009M08";"31";76
"2009M09";"1";61
"2009M09";"2";71
"2009M09";"3";78
"2009M09";"4";63
"2009M09";"5";51
"2009M09";"6";43
"2009M09";"7";66
"2009M09";"8";62
"2009M09";"9";75
"2009M09";"10";70
"2009M09";"11";63
"2009M09";"12";51
"2009M09";"13";56
"2009M09";"14";65
"2009M09";"15";50
"2009M09";"16";70
"2009M09";"17";68
"2009M09";"18";67
"2009M09";"19";58
"2009M09";"20";47
"2009M09";"21";79
"2009M09";"22";80
"2009M09";"23";76
"2009M09";"24";69
"2009M09";"25";79
"2009M09";"26";42
"2009M09";"27";59
"2009M09";"28";70
"2009M09";"29";55
"2009M09";"30";58
"2009M09";"31";-
"2009M10";"1";72
"2009M10";"2";74
"2009M10";"3";58
"2009M10";"4";52
"2009M10";"5";64
"2009M10";"6";64
"2009M10";"7";55
"2009M10";"8";65
"2009M10";"9";61
"2009M10";"10";55
"2009M10";"11";56
"2009M10";"12";44
"2009M10";"13";54
"2009M10";"14";69
"2009M10";"15";67
"2009M10";"16";72
"2009M10";"17";41
"2009M10";"18";41
"2009M10";"19";63
"2009M10";"20";61
"2009M10";"21";58
"2009M10";"22";61
"2009M10";"23";67
"2009M10";"24";60
"2009M10";"25";52
"2009M10";"26";68
"2009M10";"27";58
"2009M10";"28";65
"2009M10";"29";64
"2009M10";"30";80
"2009M10";"31";53
"2009M11";"1";42
"2009M11";"2";61
"2009M11";"3";61
"2009M11";"4";49
"2009M11";"5";57
"2009M11";"6";69
"2009M11";"7";54
"2009M11";"8";56
"2009M11";"9";61
"2009M11";"10";65
"2009M11";"11";56
"2009M11";"12";71
"2009M11";"13";60
"2009M11";"14";43
"2009M11";"15";41
"2009M11";"16";56
"2009M11";"17";57
"2009M11";"18";62
"2009M11";"19";56
"2009M11";"20";51
"2009M11";"21";34
"2009M11";"22";40
"2009M11";"23";66
"2009M11";"24";54
"2009M11";"25";61
"2009M11";"26";61
"2009M11";"27";74
"2009M11";"28";44
"2009M11";"29";50
"2009M11";"30";64
"2009M11";"31";-
"2009M12";"1";63
"2009M12";"2";63
"2009M12";"3";51
"2009M12";"4";71
"2009M12";"5";63
"2009M12";"6";57
"2009M12";"7";64
"2009M12";"8";66
"2009M12";"9";42
"2009M12";"10";62
"2009M12";"11";61
"2009M12";"12";56
"2009M12";"13";42
"2009M12";"14";54
"2009M12";"15";62
"2009M12";"16";66
"2009M12";"17";71
"2009M12";"18";78
"2009M12";"19";52
"2009M12";"20";47
"2009M12";"21";67
"2009M12";"22";54
"2009M12";"23";60
"2009M12";"24";58
"2009M12";"25";42
"2009M12";"26";41
"2009M12";"27";48
"2009M12";"28";66
"2009M12";"29";64
"2009M12";"30";64
"2009M12";"31";48
"2010M01";"1";38
"2010M01";"2";57
"2010M01";"3";49
"2010M01";"4";76
"2010M01";"5";77
"2010M01";"6";59
"2010M01";"7";61
"2010M01";"8";71
"2010M01";"9";51
"2010M01";"10";51
"2010M01";"11";78
"2010M01";"12";64
"2010M01";"13";61
"2010M01";"14";59
"2010M01";"15";67
"2010M01";"16";51
"2010M01";"17";50
"2010M01";"18";62
"2010M01";"19";62
"2010M01";"20";68
"2010M01";"21";78
"2010M01";"22";69
"2010M01";"23";48
"2010M01";"24";48
"2010M01";"25";78
"2010M01";"26";58
"2010M01";"27";54
"2010M01";"28";65
"2010M01";"29";66
"2010M01";"30";49
"2010M01";"31";51
"2010M02";"1";52
"2010M02";"2";65
"2010M02";"3";61
"2010M02";"4";64
"2010M02";"5";75
"2010M02";"6";49
"2010M02";"7";49
"2010M02";"8";56
"2010M02";"9";67
"2010M02";"10";72
"2010M02";"11";79
"2010M02";"12";78
"2010M02";"13";54
"2010M02";"14";59
"2010M02";"15";55
"2010M02";"16";62
"2010M02";"17";58
"2010M02";"18";60
"2010M02";"19";64
"2010M02";"20";52
"2010M02";"21";54
"2010M02";"22";73
"2010M02";"23";81
"2010M02";"24";58
"2010M02";"25";66
"2010M02";"26";66
"2010M02";"27";50
"2010M02";"28";33
"2010M02";"29";-
"2010M02";"30";-
"2010M02";"31";-
"2010M03";"1";71
"2010M03";"2";69
"2010M03";"3";70
"2010M03";"4";72
"2010M03";"5";64
"2010M03";"6";45
"2010M03";"7";45
"2010M03";"8";62
"2010M03";"9";66
"2010M03";"10";65
"2010M03";"11";78
"2010M03";"12";64
"2010M03";"13";54
"2010M03";"14";51
"2010M03";"15";69
"2010M03";"16";67
"2010M03";"17";59
"2010M03";"18";55
"2010M03";"19";75
"2010M03";"20";62
"2010M03";"21";48
"2010M03";"22";52
"2010M03";"23";49
"2010M03";"24";60
"2010M03";"25";68
"2010M03";"26";74
"2010M03";"27";62
"2010M03";"28";46
"2010M03";"29";67
"2010M03";"30";51
"2010M03";"31";58
"2010M04";"1";61
"2010M04";"2";70
"2010M04";"3";54
"2010M04";"4";48
"2010M04";"5";38
"2010M04";"6";60
"2010M04";"7";66
"2010M04";"8";60
"2010M04";"9";75
"2010M04";"10";53
"2010M04";"11";46
"2010M04";"12";70
"2010M04";"13";55
"2010M04";"14";67
"2010M04";"15";75
"2010M04";"16";76
"2010M04";"17";46
"2010M04";"18";46
"2010M04";"19";57
"2010M04";"20";61
"2010M04";"21";61
"2010M04";"22";65
"2010M04";"23";70
"2010M04";"24";38
"2010M04";"25";53
"2010M04";"26";67
"2010M04";"27";48
"2010M04";"28";66
"2010M04";"29";72
"2010M04";"30";51
"2010M04";"31";-
"2010M05";"1";46
"2010M05";"2";54
"2010M05";"3";56
"2010M05";"4";66
"2010M05";"5";60
"2010M05";"6";71
"2010M05";"7";77
"2010M05";"8";63
"2010M05";"9";41
"2010M05";"10";79
"2010M05";"11";67
"2010M05";"12";60
"2010M05";"13";59
"2010M05";"14";70
"2010M05";"15";57
"2010M05";"16";42
"2010M05";"17";70
"2010M05";"18";63
"2010M05";"19";63
"2010M05";"20";68
"2010M05";"21";61
"2010M05";"22";48
"2010M05";"23";43
"2010M05";"24";64
"2010M05";"25";75
"2010M05";"26";61
"2010M05";"27";73
"2010M05";"28";59
"2010M05";"29";43
"2010M05";"30";52
"2010M05";"31";52
"2010M06";"1";76
"2010M06";"2";74
"2010M06";"3";60
"2010M06";"4";76
"2010M06";"5";52
"2010M06";"6";48
"2010M06";"7";69
"2010M06";"8";58
"2010M06";"9";56
"2010M06";"10";61
"2010M06";"11";72
"2010M06";"12";53
"2010M06";"13";47
"2010M06";"14";62
"2010M06";"15";60
"2010M06";"16";57
"2010M06";"17";66
"2010M06";"18";69
"2010M06";"19";56
"2010M06";"20";41
"2010M06";"21";62
"2010M06";"22";61
"2010M06";"23";64
"2010M06";"24";68
"2010M06";"25";41
"2010M06";"26";60
"2010M06";"27";56
"2010M06";"28";61
"2010M06";"29";78
"2010M06";"30";80
"2010M06";"31";-
"2010M07";"1";77
"2010M07";"2";88
"2010M07";"3";50
"2010M07";"4";62
"2010M07";"5";66
"2010M07";"6";69
"2010M07";"7";55
"2010M07";"8";65
"2010M07";"9";72
"2010M07";"10";39
"2010M07";"11";45
"2010M07";"12";74
"2010M07";"13";62
"2010M07";"14";84
"2010M07";"15";58
"2010M07";"16";61
"2010M07";"17";50
"2010M07";"18";45
"2010M07";"19";48
"2010M07";"20";64
"2010M07";"21";76
"2010M07";"22";80
"2010M07";"23";74
"2010M07";"24";53
"2010M07";"25";56
"2010M07";"26";75
"2010M07";"27";72
"2010M07";"28";78
"2010M07";"29";54
"2010M07";"30";76
"2010M07";"31";63
"2010M08";"1";53
"2010M08";"2";81
"2010M08";"3";72
"2010M08";"4";65
"2010M08";"5";60
"2010M08";"6";73
"2010M08";"7";48
"2010M08";"8";50
"2010M08";"9";59
"2010M08";"10";64
"2010M08";"11";74
"2010M08";"12";51
"2010M08";"13";68
"2010M08";"14";53
"2010M08";"15";58
"2010M08";"16";73
"2010M08";"17";71
"2010M08";"18";64
"2010M08";"19";62
"2010M08";"20";66
"2010M08";"21";51
"2010M08";"22";42
"2010M08";"23";69
"2010M08";"24";63
"2010M08";"25";60
"2010M08";"26";54
"2010M08";"27";71
"2010M08";"28";55
"2010M08";"29";44
"2010M08";"30";69
"2010M08";"31";64
"2010M09";"1";58
"2010M09";"2";68
"2010M09";"3";77
"2010M09";"4";56
"2010M09";"5";57
"2010M09";"6";85
"2010M09";"7";67
"2010M09";"8";74
"2010M09";"9";69
"2010M09";"10";54
"2010M09";"11";49
"2010M09";"12";57
"2010M09";"13";61
"2010M09";"14";55
"2010M09";"15";79
"2010M09";"16";69
"2010M09";"17";62
"2010M09";"18";61
"2010M09";"19";46
"2010M09";"20";90
"2010M09";"21";85
"2010M09";"22";83
"2010M09";"23";68
"2010M09";"24";58
"2010M09";"25";61
"2010M09";"26";47
"2010M09";"27";85
"2010M09";"28";71
"2010M09";"29";64
"2010M09";"30";63
"2010M09";"31";-
"2010M10";"1";77
"2010M10";"2";58
"2010M10";"3";53
"2010M10";"4";63
"2010M10";"5";51
"2010M10";"6";72
"2010M10";"7";80
"2010M10";"8";83
"2010M10";"9";35
"2010M10";"10";47
"2010M10";"11";70
"2010M10";"12";65
"2010M10";"13";67
"2010M10";"14";49
"2010M10";"15";74
"2010M10";"16";60
"2010M10";"17";38
"2010M10";"18";50
"2010M10";"19";87
"2010M10";"20";82
"2010M10";"21";60
"2010M10";"22";69
"2010M10";"23";52
"2010M10";"24";51
"2010M10";"25";67
"2010M10";"26";76
"2010M10";"27";66
"2010M10";"28";68
"2010M10";"29";76
"2010M10";"30";59
"2010M10";"31";53
"2010M11";"1";39
"2010M11";"2";51
"2010M11";"3";56
"2010M11";"4";65
"2010M11";"5";80
"2010M11";"6";51
"2010M11";"7";49
"2010M11";"8";82
"2010M11";"9";61
"2010M11";"10";62
"2010M11";"11";72
"2010M11";"12";79
"2010M11";"13";45
"2010M11";"14";47
"2010M11";"15";62
"2010M11";"16";59
"2010M11";"17";61
"2010M11";"18";55
"2010M11";"19";59
"2010M11";"20";44
"2010M11";"21";49
"2010M11";"22";57
"2010M11";"23";56
"2010M11";"24";54
"2010M11";"25";56
"2010M11";"26";78
"2010M11";"27";51
"2010M11";"28";39
"2010M11";"29";74
"2010M11";"30";66
"2010M11";"31";-
"2010M12";"1";58
"2010M12";"2";65
"2010M12";"3";64
"2010M12";"4";48
"2010M12";"5";48
"2010M12";"6";64
"2010M12";"7";56
"2010M12";"8";68
"2010M12";"9";59
"2010M12";"10";63
"2010M12";"11";55
"2010M12";"12";41
"2010M12";"13";58
"2010M12";"14";62
"2010M12";"15";59
"2010M12";"16";60
"2010M12";"17";64
"2010M12";"18";40
"2010M12";"19";40
"2010M12";"20";62
"2010M12";"21";72
"2010M12";"22";62
"2010M12";"23";81
"2010M12";"24";71
"2010M12";"25";45
"2010M12";"26";42
"2010M12";"27";65
"2010M12";"28";48
"2010M12";"29";60
"2010M12";"30";61
"2010M12";"31";40
"2011M01";"1";47
"2011M01";"2";43
"2011M01";"3";65
"2011M01";"4";73
"2011M01";"5";59
"2011M01";"6";76
"2011M01";"7";58
"2011M01";"8";53
"2011M01";"9";55
"2011M01";"10";71
"2011M01";"11";60
"2011M01";"12";59
"2011M01";"13";58
"2011M01";"14";89
"2011M01";"15";41
"2011M01";"16";46
"2011M01";"17";56
"2011M01";"18";62
"2011M01";"19";60
"2011M01";"20";74
"2011M01";"21";86
"2011M01";"22";51
"2011M01";"23";56
"2011M01";"24";46
"2011M01";"25";77
"2011M01";"26";59
"2011M01";"27";54
"2011M01";"28";73
"2011M01";"29";42
"2011M01";"30";48
"2011M01";"31";71
"2011M02";"1";72
"2011M02";"2";62
"2011M02";"3";65
"2011M02";"4";70
"2011M02";"5";55
"2011M02";"6";36
"2011M02";"7";53
"2011M02";"8";51
"2011M02";"9";59
"2011M02";"10";67
"2011M02";"11";60
"2011M02";"12";36
"2011M02";"13";56
"2011M02";"14";65
"2011M02";"15";57
"2011M02";"16";60
"2011M02";"17";52
"2011M02";"18";59
"2011M02";"19";45
"2011M02";"20";43
"2011M02";"21";56
"2011M02";"22";58
"2011M02";"23";64
"2011M02";"24";81
"2011M02";"25";63
"2011M02";"26";46
"2011M02";"27";48
"2011M02";"28";64
"2011M02";"29";-
"2011M02";"30";-
"2011M02";"31";-
"2011M03";"1";60
"2011M03";"2";45
"2011M03";"3";63
"2011M03";"4";73
"2011M03";"5";42
"2011M03";"6";46
"2011M03";"7";71
"2011M03";"8";57
"2011M03";"9";57
"2011M03";"10";69
"2011M03";"11";64
"2011M03";"12";47
"2011M03";"13";56
"2011M03";"14";73
"2011M03";"15";58
"2011M03";"16";50
"2011M03";"17";71
"2011M03";"18";62
"2011M03";"19";43
"2011M03";"20";51
"2011M03";"21";68
"2011M03";"22";60
"2011M03";"23";56
"2011M03";"24";54
"2011M03";"25";65
"2011M03";"26";58
"2011M03";"27";45
"2011M03";"28";60
"2011M03";"29";67
"2011M03";"30";58
"2011M03";"31";66
"2011M04";"1";74
"2011M04";"2";37
"2011M04";"3";52
"2011M04";"4";66
"2011M04";"5";53
"2011M04";"6";56
"2011M04";"7";63
"2011M04";"8";78
"2011M04";"9";48
"2011M04";"10";57
"2011M04";"11";61
"2011M04";"12";55
"2011M04";"13";61
"2011M04";"14";68
"2011M04";"15";60
"2011M04";"16";45
"2011M04";"17";55
"2011M04";"18";52
"2011M04";"19";52
"2011M04";"20";62
"2011M04";"21";72
"2011M04";"22";71
"2011M04";"23";50
"2011M04";"24";52
"2011M04";"25";63
"2011M04";"26";86
"2011M04";"27";56
"2011M04";"28";71
"2011M04";"29";68
"2011M04";"30";46
"2011M04";"31";-
"2011M05";"1";62
"2011M05";"2";39
"2011M05";"3";55
"2011M05";"4";68
"2011M05";"5";66
"2011M05";"6";68
"2011M05";"7";65
"2011M05";"8";47
"2011M05";"9";59
"2011M05";"10";51
"2011M05";"11";61
"2011M05";"12";59
"2011M05";"13";56
"2011M05";"14";45
"2011M05";"15";34
"2011M05";"16";77
"2011M05";"17";49
"2011M05";"18";78
"2011M05";"19";64
"2011M05";"20";75
"2011M05";"21";52
"2011M05";"22";54
"2011M05";"23";66
"2011M05";"24";58
"2011M05";"25";79
"2011M05";"26";68
"2011M05";"27";60
"2011M05";"28";46
"2011M05";"29";25
"2011M05";"30";70
"2011M05";"31";73
"2011M06";"1";59
"2011M06";"2";64
"2011M06";"3";52
"2011M06";"4";42
"2011M06";"5";62
"2011M06";"6";45
"2011M06";"7";64
"2011M06";"8";66
"2011M06";"9";65
"2011M06";"10";58
"2011M06";"11";44
"2011M06";"12";49
"2011M06";"13";62
"2011M06";"14";59
"2011M06";"15";56
"2011M06";"16";78
"2011M06";"17";60
"2011M06";"18";62
"2011M06";"19";39
"2011M06";"20";61
"2011M06";"21";70
"2011M06";"22";65
"2011M06";"23";57
"2011M06";"24";74
"2011M06";"25";43
"2011M06";"26";50
"2011M06";"27";73
"2011M06";"28";71
"2011M06";"29";67
"2011M06";"30";77
"2011M06";"31";-
"2011M07";"1";67
"2011M07";"2";54
"2011M07";"3";54
"2011M07";"4";57
"2011M07";"5";76
"2011M07";"6";71
"2011M07";"7";70
"2011M07";"8";71
"2011M07";"9";57
"2011M07";"10";54
"2011M07";"11";61
"2011M07";"12";76
"2011M07";"13";65
"2011M07";"14";68
"2011M07";"15";66
"2011M07";"16";47
"2011M07";"17";52
"2011M07";"18";68
"2011M07";"19";64
"2011M07";"20";84
"2011M07";"21";81
"2011M07";"22";56
"2011M07";"23";64
"2011M07";"24";49
"2011M07";"25";90
"2011M07";"26";58
"2011M07";"27";60
"2011M07";"28";74
"2011M07";"29";79
"2011M07";"30";62
"2011M07";"31";58
"2011M08";"1";63
"2011M08";"2";75
"2011M08";"3";71
"2011M08";"4";82
"2011M08";"5";68
"2011M08";"6";41
"2011M08";"7";55
"2011M08";"8";96
"2011M08";"9";66
"2011M08";"10";62
"2011M08";"11";73
"2011M08";"12";63
"2011M08";"13";66
"2011M08";"14";56
"2011M08";"15";48
"2011M08";"16";75
"2011M08";"17";64
"2011M08";"18";71
"2011M08";"19";76
"2011M08";"20";53
"2011M08";"21";52
"2011M08";"22";75
"2011M08";"23";69
"2011M08";"24";68
"2011M08";"25";74
"2011M08";"26";77
"2011M08";"27";50
"2011M08";"28";45
"2011M08";"29";60
"2011M08";"30";67
"2011M08";"31";66
"2011M09";"1";64
"2011M09";"2";69
"2011M09";"3";68
"2011M09";"4";33
"2011M09";"5";55
"2011M09";"6";59
"2011M09";"7";69
"2011M09";"8";65
"2011M09";"9";73
"2011M09";"10";56
"2011M09";"11";59
"2011M09";"12";88
"2011M09";"13";66
"2011M09";"14";66
"2011M09";"15";59
"2011M09";"16";76
"2011M09";"17";54
"2011M09";"18";57
"2011M09";"19";59
"2011M09";"20";80
"2011M09";"21";76
"2011M09";"22";67
"2011M09";"23";80
"2011M09";"24";61
"2011M09";"25";42
"2011M09";"26";76
"2011M09";"27";60
"2011M09";"28";57
"2011M09";"29";67
"2011M09";"30";71
"2011M09";"31";-
"2011M10";"1";46
"2011M10";"2";58
"2011M10";"3";59
"2011M10";"4";61
"2011M10";"5";59
"2011M10";"6";61
"2011M10";"7";73
"2011M10";"8";53
"2011M10";"9";34
"2011M10";"10";50
"2011M10";"11";60
"2011M10";"12";58
"2011M10";"13";70
"2011M10";"14";59
"2011M10";"15";53
"2011M10";"16";30
"2011M10";"17";68
"2011M10";"18";61
"2011M10";"19";61
"2011M10";"20";76
"2011M10";"21";67
"2011M10";"22";43
"2011M10";"23";49
"2011M10";"24";58
"2011M10";"25";70
"2011M10";"26";71
"2011M10";"27";48
"2011M10";"28";71
"2011M10";"29";49
"2011M10";"30";48
"2011M10";"31";56
"2011M11";"1";57
"2011M11";"2";62
"2011M11";"3";71
"2011M11";"4";76
"2011M11";"5";51
"2011M11";"6";45
"2011M11";"7";59
"2011M11";"8";54
"2011M11";"9";68
"2011M11";"10";74
"2011M11";"11";76
"2011M11";"12";46
"2011M11";"13";43
"2011M11";"14";71
"2011M11";"15";57
"2011M11";"16";65
"2011M11";"17";54
"2011M11";"18";64
"2011M11";"19";55
"2011M11";"20";44
"2011M11";"21";53
"2011M11";"22";62
"2011M11";"23";48
"2011M11";"24";75
"2011M11";"25";61
"2011M11";"26";63
"2011M11";"27";47
"2011M11";"28";64
"2011M11";"29";58
"2011M11";"30";62
"2011M11";"31";-
"2011M12";"1";71
"2011M12";"2";59
"2011M12";"3";35
"2011M12";"4";44
"2011M12";"5";64
"2011M12";"6";55
"2011M12";"7";51
"2011M12";"8";47
"2011M12";"9";69
"2011M12";"10";43
"2011M12";"11";38
"2011M12";"12";66
"2011M12";"13";60
"2011M12";"14";71
"2011M12";"15";62
"2011M12";"16";75
"2011M12";"17";37
"2011M12";"18";52
"2011M12";"19";62
"2011M12";"20";78
"2011M12";"21";65
"2011M12";"22";45
"2011M12";"23";57
"2011M12";"24";39
"2011M12";"25";44
"2011M12";"26";48
"2011M12";"27";66
"2011M12";"28";59
"2011M12";"29";55
"2011M12";"30";53
"2011M12";"31";41
"2012M01";"1";47
"2012M01";"2";45
"2012M01";"3";55
"2012M01";"4";54
"2012M01";"5";62
"2012M01";"6";77
"2012M01";"7";44
"2012M01";"8";65
"2012M01";"9";60
"2012M01";"10";54
"2012M01";"11";67
"2012M01";"12";74
"2012M01";"13";77
"2012M01";"14";50
"2012M01";"15";54
"2012M01";"16";58
"2012M01";"17";65
"2012M01";"18";50
"2012M01";"19";48
"2012M01";"20";71
"2012M01";"21";48
"2012M01";"22";47
"2012M01";"23";74
"2012M01";"24";83
"2012M01";"25";65
"2012M01";"26";64
"2012M01";"27";46
"2012M01";"28";63
"2012M01";"29";51
"2012M01";"30";75
"2012M01";"31";59
"2012M02";"1";52
"2012M02";"2";61
"2012M02";"3";61
"2012M02";"4";37
"2012M02";"5";54
"2012M02";"6";70
"2012M02";"7";70
"2012M02";"8";46
"2012M02";"9";62
"2012M02";"10";64
"2012M02";"11";47
"2012M02";"12";47
"2012M02";"13";69
"2012M02";"14";63
"2012M02";"15";73
"2012M02";"16";62
"2012M02";"17";82
"2012M02";"18";49
"2012M02";"19";51
"2012M02";"20";52
"2012M02";"21";51
"2012M02";"22";60
"2012M02";"23";62
"2012M02";"24";55
"2012M02";"25";56
"2012M02";"26";40
"2012M02";"27";66
"2012M02";"28";57
"2012M02";"29";51
"2012M02";"30";-
"2012M02";"31";-
"2012M03";"1";69
"2012M03";"2";72
"2012M03";"3";55
"2012M03";"4";39
"2012M03";"5";63
"2012M03";"6";51
"2012M03";"7";43
"2012M03";"8";64
"2012M03";"9";53
"2012M03";"10";40
"2012M03";"11";32
"2012M03";"12";63
"2012M03";"13";60
"2012M03";"14";59
"2012M03";"15";68
"2012M03";"16";58
"2012M03";"17";43
"2012M03";"18";37
"2012M03";"19";53
"2012M03";"20";68
"2012M03";"21";58
"2012M03";"22";66
"2012M03";"23";66
"2012M03";"24";41
"2012M03";"25";32
"2012M03";"26";56
"2012M03";"27";63
"2012M03";"28";55
"2012M03";"29";71
"2012M03";"30";66
"2012M03";"31";40
"2012M04";"1";48
"2012M04";"2";52
"2012M04";"3";58
"2012M04";"4";66
"2012M04";"5";74
"2012M04";"6";62
"2012M04";"7";44
"2012M04";"8";44
"2012M04";"9";60
"2012M04";"10";60
"2012M04";"11";63
"2012M04";"12";67
"2012M04";"13";61
"2012M04";"14";50
"2012M04";"15";52
"2012M04";"16";62
"2012M04";"17";65
"2012M04";"18";65
"2012M04";"19";48
"2012M04";"20";72
"2012M04";"21";51
"2012M04";"22";52
"2012M04";"23";59
"2012M04";"24";71
"2012M04";"25";70
"2012M04";"26";89
"2012M04";"27";56
"2012M04";"28";59
"2012M04";"29";46
"2012M04";"30";65
"2012M04";"31";-
"2012M05";"1";54
"2012M05";"2";48
"2012M05";"3";66
"2012M05";"4";84
"2012M05";"5";62
"2012M05";"6";53
"2012M05";"7";74
"2012M05";"8";67
"2012M05";"9";73
"2012M05";"10";65
"2012M05";"11";74
"2012M05";"12";56
"2012M05";"13";49
"2012M05";"14";71
"2012M05";"15";70
"2012M05";"16";62
"2012M05";"17";60
"2012M05";"18";74
"2012M05";"19";55
"2012M05";"20";42
"2012M05";"21";65
"2012M05";"22";58
"2012M05";"23";65
"2012M05";"24";73
"2012M05";"25";60
"2012M05";"26";45
"2012M05";"27";44
"2012M05";"28";57
"2012M05";"29";69
"2012M05";"30";56
"2012M05";"31";52
"2012M06";"1";64
"2012M06";"2";51
"2012M06";"3";36
"2012M06";"4";68
"2012M06";"5";49
"2012M06";"6";75
"2012M06";"7";62
"2012M06";"8";56
"2012M06";"9";50
"2012M06";"10";37
"2012M06";"11";70
"2012M06";"12";58
"2012M06";"13";58
"2012M06";"14";62
"2012M06";"15";58
"2012M06";"16";52
"2012M06";"17";50
"2012M06";"18";57
"2012M06";"19";50
"2012M06";"20";75
"2012M06";"21";63
"2012M06";"22";71
"2012M06";"23";57
"2012M06";"24";44
"2012M06";"25";65
"2012M06";"26";75
"2012M06";"27";65
"2012M06";"28";73
"2012M06";"29";60
"2012M06";"30";47
"2012M06";"31";-
"2012M07";"1";36
"2012M07";"2";77
"2012M07";"3";68
"2012M07";"4";65
"2012M07";"5";76
"2012M07";"6";73
"2012M07";"7";47
"2012M07";"8";42
"2012M07";"9";59
"2012M07";"10";72
"2012M07";"11";75
"2012M07";"12";52
"2012M07";"13";72
"2012M07";"14";44
"2012M07";"15";51
"2012M07";"16";57
"2012M07";"17";81
"2012M07";"18";77
"2012M07";"19";61
"2012M07";"20";69
"2012M07";"21";52
"2012M07";"22";53
"2012M07";"23";61
"2012M07";"24";71
"2012M07";"25";71
"2012M07";"26";61
"2012M07";"27";81
"2012M07";"28";52
"2012M07";"29";52
"2012M07";"30";73
"2012M07";"31";64
"2012M08";"1";72
"2012M08";"2";67
"2012M08";"3";74
"2012M08";"4";48
"2012M08";"5";55
"2012M08";"6";57
"2012M08";"7";72
"2012M08";"8";65
"2012M08";"9";58
"2012M08";"10";79
"2012M08";"11";54
"2012M08";"12";45
"2012M08";"13";66
"2012M08";"14";68
"2012M08";"15";56
"2012M08";"16";74
"2012M08";"17";71
"2012M08";"18";43
"2012M08";"19";61
"2012M08";"20";81
"2012M08";"21";80
"2012M08";"22";73
"2012M08";"23";80
"2012M08";"24";63
"2012M08";"25";48
"2012M08";"26";55
"2012M08";"27";66
"2012M08";"28";63
"2012M08";"29";56
"2012M08";"30";70
"2012M08";"31";59
"2012M09";"1";57
"2012M09";"2";44
"2012M09";"3";71
"2012M09";"4";83
"2012M09";"5";59
"2012M09";"6";84
"2012M09";"7";68
"2012M09";"8";59
"2012M09";"9";54
"2012M09";"10";65
"2012M09";"11";71
"2012M09";"12";72
"2012M09";"13";68
"2012M09";"14";73
"2012M09";"15";62
"2012M09";"16";61
"2012M09";"17";56
"2012M09";"18";75
"2012M09";"19";61
"2012M09";"20";81
"2012M09";"21";68
"2012M09";"22";51
"2012M09";"23";47
"2012M09";"24";71
"2012M09";"25";88
"2012M09";"26";69
"2012M09";"27";61
"2012M09";"28";80
"2012M09";"29";61
"2012M09";"30";47
"2012M09";"31";-
"2012M10";"1";72
"2012M10";"2";73
"2012M10";"3";71
"2012M10";"4";64
"2012M10";"5";59
"2012M10";"6";42
"2012M10";"7";57
"2012M10";"8";72
"2012M10";"9";59
"2012M10";"10";77
"2012M10";"11";59
"2012M10";"12";69
"2012M10";"13";57
"2012M10";"14";43
"2012M10";"15";63
"2012M10";"16";82
"2012M10";"17";66
"2012M10";"18";65
"2012M10";"19";74
"2012M10";"20";51
"2012M10";"21";43
"2012M10";"22";69
"2012M10";"23";63
"2012M10";"24";65
"2012M10";"25";68
"2012M10";"26";61
"2012M10";"27";46
"2012M10";"28";51
"2012M10";"29";73
"2012M10";"30";74
"2012M10";"31";48
"2012M11";"1";48
"2012M11";"2";79
"2012M11";"3";66
"2012M11";"4";36
"2012M11";"5";62
"2012M11";"6";59
"2012M11";"7";74
"2012M11";"8";68
"2012M11";"9";74
"2012M11";"10";44
"2012M11";"11";54
"2012M11";"12";87
"2012M11";"13";69
"2012M11";"14";56
"2012M11";"15";63
"2012M11";"16";64
"2012M11";"17";55
"2012M11";"18";37
"2012M11";"19";62
"2012M11";"20";53
"2012M11";"21";53
"2012M11";"22";62
"2012M11";"23";73
"2012M11";"24";49
"2012M11";"25";32
"2012M11";"26";49
"2012M11";"27";65
"2012M11";"28";69
"2012M11";"29";53
"2012M11";"30";55
"2012M11";"31";-
"2012M12";"1";52
"2012M12";"2";40
"2012M12";"3";66
"2012M12";"4";56
"2012M12";"5";61
"2012M12";"6";64
"2012M12";"7";57
"2012M12";"8";45
"2012M12";"9";38
"2012M12";"10";74
"2012M12";"11";54
"2012M12";"12";76
"2012M12";"13";64
"2012M12";"14";51
"2012M12";"15";46
"2012M12";"16";44
"2012M12";"17";67
"2012M12";"18";62
"2012M12";"19";53
"2012M12";"20";55
"2012M12";"21";68
"2012M12";"22";41
"2012M12";"23";42
"2012M12";"24";63
"2012M12";"25";27
"2012M12";"26";55
"2012M12";"27";55
"2012M12";"28";63
"2012M12";"29";36
"2012M12";"30";34
"2012M12";"31";54
"2013M01";"1";46
"2013M01";"2";54
"2013M01";"3";49
"2013M01";"4";54
"2013M01";"5";40
"2013M01";"6";45
"2013M01";"7";58
"2013M01";"8";46
"2013M01";"9";58
"2013M01";"10";64
"2013M01";"11";68
"2013M01";"12";58
"2013M01";"13";48
"2013M01";"14";66
"2013M01";"15";63
"2013M01";"16";64
"2013M01";"17";58
"2013M01";"18";72
"2013M01";"19";49
"2013M01";"20";64
"2013M01";"21";69
"2013M01";"22";60
"2013M01";"23";55
"2013M01";"24";59
"2013M01";"25";63
"2013M01";"26";37
"2013M01";"27";30
"2013M01";"28";69
"2013M01";"29";51
"2013M01";"30";47
"2013M01";"31";63
"2013M02";"1";48
"2013M02";"2";53
"2013M02";"3";52
"2013M02";"4";53
"2013M02";"5";63
"2013M02";"6";53
"2013M02";"7";71
"2013M02";"8";46
"2013M02";"9";45
"2013M02";"10";35
"2013M02";"11";58
"2013M02";"12";70
"2013M02";"13";56
"2013M02";"14";57
"2013M02";"15";59
"2013M02";"16";46
"2013M02";"17";39
"2013M02";"18";48
"2013M02";"19";49
"2013M02";"20";59
"2013M02";"21";57
"2013M02";"22";56
"2013M02";"23";47
"2013M02";"24";44
"2013M02";"25";48
"2013M02";"26";59
"2013M02";"27";55
"2013M02";"28";69
"2013M02";"29";-
"2013M02";"30";-
"2013M02";"31";-
"2013M03";"1";67
"2013M03";"2";41
"2013M03";"3";43
"2013M03";"4";73
"2013M03";"5";53
"2013M03";"6";65
"2013M03";"7";54
"2013M03";"8";73
"2013M03";"9";44
"2013M03";"10";48
"2013M03";"11";64
"2013M03";"12";67
"2013M03";"13";70
"2013M03";"14";58
"2013M03";"15";66
"2013M03";"16";48
"2013M03";"17";42
"2013M03";"18";50
"2013M03";"19";50
"2013M03";"20";63
"2013M03";"21";64
"2013M03";"22";63
"2013M03";"23";46
"2013M03";"24";51
"2013M03";"25";58
"2013M03";"26";48
"2013M03";"27";58
"2013M03";"28";66
"2013M03";"29";55
"2013M03";"30";45
"2013M03";"31";37
"2013M04";"1";41
"2013M04";"2";54
"2013M04";"3";60
"2013M04";"4";49
"2013M04";"5";64
"2013M04";"6";55
"2013M04";"7";46
"2013M04";"8";57
"2013M04";"9";63
"2013M04";"10";58
"2013M04";"11";47
"2013M04";"12";58
"2013M04";"13";38
"2013M04";"14";38
"2013M04";"15";72
"2013M04";"16";55
"2013M04";"17";64
"2013M04";"18";71
"2013M04";"19";55
"2013M04";"20";48
"2013M04";"21";34
"2013M04";"22";64
"2013M04";"23";55
"2013M04";"24";52
"2013M04";"25";60
"2013M04";"26";54
"2013M04";"27";44
"2013M04";"28";46
"2013M04";"29";59
"2013M04";"30";62
"2013M04";"31";-
"2013M05";"1";55
"2013M05";"2";49
"2013M05";"3";72
"2013M05";"4";48
"2013M05";"5";65
"2013M05";"6";58
"2013M05";"7";66
"2013M05";"8";72
"2013M05";"9";58
"2013M05";"10";56
"2013M05";"11";50
"2013M05";"12";46
"2013M05";"13";73
"2013M05";"14";54
"2013M05";"15";65
"2013M05";"16";64
"2013M05";"17";61
"2013M05";"18";43
"2013M05";"19";45
"2013M05";"20";73
"2013M05";"21";66
"2013M05";"22";55
"2013M05";"23";54
"2013M05";"24";61
"2013M05";"25";42
"2013M05";"26";56
"2013M05";"27";60
"2013M05";"28";71
"2013M05";"29";69
"2013M05";"30";62
"2013M05";"31";72
"2013M06";"1";36
"2013M06";"2";47
"2013M06";"3";82
"2013M06";"4";66
"2013M06";"5";56
"2013M06";"6";60
"2013M06";"7";50
"2013M06";"8";49
"2013M06";"9";60
"2013M06";"10";73
"2013M06";"11";67
"2013M06";"12";53
"2013M06";"13";70
"2013M06";"14";55
"2013M06";"15";43
"2013M06";"16";42
"2013M06";"17";65
"2013M06";"18";59
"2013M06";"19";69
"2013M06";"20";66
"2013M06";"21";50
"2013M06";"22";57
"2013M06";"23";47
"2013M06";"24";69
"2013M06";"25";41
"2013M06";"26";67
"2013M06";"27";73
"2013M06";"28";68
"2013M06";"29";55
"2013M06";"30";57
"2013M06";"31";-
"2013M07";"1";75
"2013M07";"2";63
"2013M07";"3";68
"2013M07";"4";74
"2013M07";"5";64
"2013M07";"6";59
"2013M07";"7";53
"2013M07";"8";57
"2013M07";"9";52
"2013M07";"10";76
"2013M07";"11";73
"2013M07";"12";68
"2013M07";"13";36
"2013M07";"14";60
"2013M07";"15";68
"2013M07";"16";62
"2013M07";"17";60
"2013M07";"18";65
"2013M07";"19";84
"2013M07";"20";44
"2013M07";"21";77
"2013M07";"22";65
"2013M07";"23";73
"2013M07";"24";67
"2013M07";"25";69
"2013M07";"26";49
"2013M07";"27";63
"2013M07";"28";42
"2013M07";"29";68
"2013M07";"30";67
"2013M07";"31";56
"2013M08";"1";73
"2013M08";"2";72
"2013M08";"3";57
"2013M08";"4";56
"2013M08";"5";62
"2013M08";"6";73
"2013M08";"7";61
"2013M08";"8";73
"2013M08";"9";67
"2013M08";"10";64
"2013M08";"11";48
"2013M08";"12";66
"2013M08";"13";61
"2013M08";"14";57
"2013M08";"15";58
"2013M08";"16";65
"2013M08";"17";47
"2013M08";"18";61
"2013M08";"19";68
"2013M08";"20";77
"2013M08";"21";60
"2013M08";"22";68
"2013M08";"23";71
"2013M08";"24";45
"2013M08";"25";42
"2013M08";"26";64
"2013M08";"27";64
"2013M08";"28";63
"2013M08";"29";69
"2013M08";"30";70
"2013M08";"31";38
"2013M09";"1";51
"2013M09";"2";63
"2013M09";"3";80
"2013M09";"4";67
"2013M09";"5";54
"2013M09";"6";73
"2013M09";"7";40
"2013M09";"8";49
"2013M09";"9";83
"2013M09";"10";65
"2013M09";"11";53
"2013M09";"12";60
"2013M09";"13";64
"2013M09";"14";48
"2013M09";"15";51
"2013M09";"16";72
"2013M09";"17";73
"2013M09";"18";68
"2013M09";"19";64
"2013M09";"20";64
"2013M09";"21";68
"2013M09";"22";43
"2013M09";"23";71
"2013M09";"24";68
"2013M09";"25";77
"2013M09";"26";75
"2013M09";"27";67
"2013M09";"28";56
"2013M09";"29";53
"2013M09";"30";77
"2013M09";"31";-
"2013M10";"1";74
"2013M10";"2";61
"2013M10";"3";67
"2013M10";"4";77
"2013M10";"5";78
"2013M10";"6";43
"2013M10";"7";79
"2013M10";"8";63
"2013M10";"9";56
"2013M10";"10";59
"2013M10";"11";63
"2013M10";"12";58
"2013M10";"13";39
"2013M10";"14";57
"2013M10";"15";70
"2013M10";"16";62
"2013M10";"17";77
"2013M10";"18";74
"2013M10";"19";54
"2013M10";"20";46
"2013M10";"21";65
"2013M10";"22";52
"2013M10";"23";52
"2013M10";"24";53
"2013M10";"25";55
"2013M10";"26";46
"2013M10";"27";65
"2013M10";"28";64
"2013M10";"29";52
"2013M10";"30";69
"2013M10";"31";47
"2013M11";"1";28
"2013M11";"2";42
"2013M11";"3";46
"2013M11";"4";66
"2013M11";"5";74
"2013M11";"6";70
"2013M11";"7";72
"2013M11";"8";58
"2013M11";"9";36
"2013M11";"10";38
"2013M11";"11";54
"2013M11";"12";71
"2013M11";"13";49
"2013M11";"14";59
"2013M11";"15";72
"2013M11";"16";45
"2013M11";"17";41
"2013M11";"18";53
"2013M11";"19";57
"2013M11";"20";60
"2013M11";"21";63
"2013M11";"22";70
"2013M11";"23";43
"2013M11";"24";44
"2013M11";"25";62
"2013M11";"26";60
"2013M11";"27";61
"2013M11";"28";69
"2013M11";"29";55
"2013M11";"30";54
"2013M11";"31";-
"2013M12";"1";44
"2013M12";"2";54
"2013M12";"3";49
"2013M12";"4";49
"2013M12";"5";57
"2013M12";"6";54
"2013M12";"7";50
"2013M12";"8";43
"2013M12";"9";77
"2013M12";"10";67
"2013M12";"11";51
"2013M12";"12";47
"2013M12";"13";53
"2013M12";"14";43
"2013M12";"15";44
"2013M12";"16";61
"2013M12";"17";48
"2013M12";"18";61
"2013M12";"19";66
"2013M12";"20";70
"2013M12";"21";47
"2013M12";"22";37
"2013M12";"23";62
"2013M12";"24";60
"2013M12";"25";46
"2013M12";"26";41
"2013M12";"27";56
"2013M12";"28";50
"2013M12";"29";47
"2013M12";"30";44
"2013M12";"31";42
"2014M01";"1";50
"2014M01";"2";73
"2014M01";"3";57
"2014M01";"4";42
"2014M01";"5";61
"2014M01";"6";56
"2014M01";"7";73
"2014M01";"8";63
"2014M01";"9";56
"2014M01";"10";64
"2014M01";"11";43
"2014M01";"12";45
"2014M01";"13";58
"2014M01";"14";55
"2014M01";"15";44
"2014M01";"16";68
"2014M01";"17";72
"2014M01";"18";49
"2014M01";"19";56
"2014M01";"20";59
"2014M01";"21";50
"2014M01";"22";55
"2014M01";"23";51
"2014M01";"24";64
"2014M01";"25";39
"2014M01";"26";40
"2014M01";"27";79
"2014M01";"28";60
"2014M01";"29";58
"2014M01";"30";65
"2014M01";"31";55
"2014M02";"1";44
"2014M02";"2";48
"2014M02";"3";54
"2014M02";"4";57
"2014M02";"5";51
"2014M02";"6";69
"2014M02";"7";61
"2014M02";"8";40
"2014M02";"9";36
"2014M02";"10";54
"2014M02";"11";55
"2014M02";"12";56
"2014M02";"13";56
"2014M02";"14";67
"2014M02";"15";47
"2014M02";"16";50
"2014M02";"17";53
"2014M02";"18";60
"2014M02";"19";57
"2014M02";"20";63
"2014M02";"21";60
"2014M02";"22";56
"2014M02";"23";39
"2014M02";"24";53
"2014M02";"25";70
"2014M02";"26";60
"2014M02";"27";52
"2014M02";"28";64
"2014M02";"29";-
"2014M02";"30";-
"2014M02";"31";-
"2014M03";"1";55
"2014M03";"2";52
"2014M03";"3";68
"2014M03";"4";51
"2014M03";"5";43
"2014M03";"6";57
"2014M03";"7";67
"2014M03";"8";52
"2014M03";"9";35
"2014M03";"10";56
"2014M03";"11";60
"2014M03";"12";65
"2014M03";"13";57
"2014M03";"14";58
"2014M03";"15";52
"2014M03";"16";58
"2014M03";"17";61
"2014M03";"18";59
"2014M03";"19";58
"2014M03";"20";56
"2014M03";"21";57
"2014M03";"22";55
"2014M03";"23";43
"2014M03";"24";58
"2014M03";"25";51
"2014M03";"26";52
"2014M03";"27";55
"2014M03";"28";66
"2014M03";"29";46
"2014M03";"30";43
"2014M03";"31";55
"2014M04";"1";51
"2014M04";"2";51
"2014M04";"3";63
"2014M04";"4";59
"2014M04";"5";41
"2014M04";"6";39
"2014M04";"7";64
"2014M04";"8";70
"2014M04";"9";72
"2014M04";"10";63
"2014M04";"11";72
"2014M04";"12";45
"2014M04";"13";41
"2014M04";"14";69
"2014M04";"15";64
"2014M04";"16";65
"2014M04";"17";61
"2014M04";"18";61
"2014M04";"19";59
"2014M04";"20";41
"2014M04";"21";41
"2014M04";"22";78
"2014M04";"23";62
"2014M04";"24";76
"2014M04";"25";79
"2014M04";"26";56
"2014M04";"27";41
"2014M04";"28";73
"2014M04";"29";66
"2014M04";"30";71
"2014M04";"31";-
"2014M05";"1";55
"2014M05";"2";55
"2014M05";"3";51
"2014M05";"4";45
"2014M05";"5";64
"2014M05";"6";71
"2014M05";"7";68
"2014M05";"8";62
"2014M05";"9";54
"2014M05";"10";44
"2014M05";"11";43
"2014M05";"12";67
"2014M05";"13";61
"2014M05";"14";61
"2014M05";"15";56
"2014M05";"16";58
"2014M05";"17";52
"2014M05";"18";40
"2014M05";"19";57
"2014M05";"20";59
"2014M05";"21";61
"2014M05";"22";78
"2014M05";"23";56
"2014M05";"24";62
"2014M05";"25";35
"2014M05";"26";70
"2014M05";"27";65
"2014M05";"28";62
"2014M05";"29";66
"2014M05";"30";73
"2014M05";"31";55
"2014M06";"1";39
"2014M06";"2";58
"2014M06";"3";59
"2014M06";"4";54
"2014M06";"5";63
"2014M06";"6";70
"2014M06";"7";49
"2014M06";"8";44
"2014M06";"9";69
"2014M06";"10";67
"2014M06";"11";69
"2014M06";"12";67
"2014M06";"13";59
"2014M06";"14";51
"2014M06";"15";44
"2014M06";"16";52
"2014M06";"17";66
"2014M06";"18";68
"2014M06";"19";55
"2014M06";"20";62
"2014M06";"21";56
"2014M06";"22";56
"2014M06";"23";60
"2014M06";"24";74
"2014M06";"25";50
"2014M06";"26";64
"2014M06";"27";75
"2014M06";"28";50
"2014M06";"29";51
"2014M06";"30";66
"2014M06";"31";-
"2014M07";"1";61
"2014M07";"2";59
"2014M07";"3";70
"2014M07";"4";65
"2014M07";"5";47
"2014M07";"6";40
"2014M07";"7";65
"2014M07";"8";63
"2014M07";"9";61
"2014M07";"10";73
"2014M07";"11";76
"2014M07";"12";48
"2014M07";"13";63
"2014M07";"14";87
"2014M07";"15";64
"2014M07";"16";73
"2014M07";"17";73
"2014M07";"18";50
"2014M07";"19";68
"2014M07";"20";60
"2014M07";"21";68
"2014M07";"22";57
"2014M07";"23";75
"2014M07";"24";74
"2014M07";"25";63
"2014M07";"26";56
"2014M07";"27";36
"2014M07";"28";64
"2014M07";"29";66
"2014M07";"30";70
"2014M07";"31";59
"2014M08";"1";60
"2014M08";"2";58
"2014M08";"3";60
"2014M08";"4";77
"2014M08";"5";79
"2014M08";"6";63
"2014M08";"7";66
"2014M08";"8";67
"2014M08";"9";54
"2014M08";"10";52
"2014M08";"11";80
"2014M08";"12";55
"2014M08";"13";62
"2014M08";"14";84
"2014M08";"15";56
"2014M08";"16";51
"2014M08";"17";58
"2014M08";"18";63
"2014M08";"19";60
"2014M08";"20";64
"2014M08";"21";77
"2014M08";"22";72
"2014M08";"23";42
"2014M08";"24";39
"2014M08";"25";70
"2014M08";"26";53
"2014M08";"27";75
"2014M08";"28";63
"2014M08";"29";71
"2014M08";"30";60
"2014M08";"31";43
"2014M09";"1";68
"2014M09";"2";54
"2014M09";"3";52
"2014M09";"4";65
"2014M09";"5";65
"2014M09";"6";48
"2014M09";"7";29
"2014M09";"8";58
"2014M09";"9";69
"2014M09";"10";69
"2014M09";"11";68
"2014M09";"12";62
"2014M09";"13";54
"2014M09";"14";43
"2014M09";"15";65
"2014M09";"16";84
"2014M09";"17";71
"2014M09";"18";73
"2014M09";"19";72
"2014M09";"20";65
"2014M09";"21";47
"2014M09";"22";70
"2014M09";"23";67
"2014M09";"24";70
"2014M09";"25";61
"2014M09";"26";72
"2014M09";"27";49
"2014M09";"28";46
"2014M09";"29";71
"2014M09";"30";58
"2014M09";"31";-
"2014M10";"1";78
"2014M10";"2";64
"2014M10";"3";62
"2014M10";"4";54
"2014M10";"5";42
"2014M10";"6";77
"2014M10";"7";70
"2014M10";"8";57
"2014M10";"9";53
"2014M10";"10";77
"2014M10";"11";40
"2014M10";"12";42
"2014M10";"13";66
"2014M10";"14";57
"2014M10";"15";71
"2014M10";"16";68
"2014M10";"17";68
"2014M10";"18";46
"2014M10";"19";50
"2014M10";"20";63
"2014M10";"21";69
"2014M10";"22";61
"2014M10";"23";62
"2014M10";"24";62
"2014M10";"25";41
"2014M10";"26";59
"2014M10";"27";55
"2014M10";"28";63
"2014M10";"29";71
"2014M10";"30";57
"2014M10";"31";48
"2014M11";"1";41
"2014M11";"2";52
"2014M11";"3";60
"2014M11";"4";60
"2014M11";"5";55
"2014M11";"6";71
"2014M11";"7";61
"2014M11";"8";54
"2014M11";"9";42
"2014M11";"10";63
"2014M11";"11";63
"2014M11";"12";60
"2014M11";"13";49
"2014M11";"14";60
"2014M11";"15";33
"2014M11";"16";44
"2014M11";"17";64
"2014M11";"18";46
"2014M11";"19";41
"2014M11";"20";56
"2014M11";"21";61
"2014M11";"22";53
"2014M11";"23";35
"2014M11";"24";56
"2014M11";"25";56
"2014M11";"26";52
"2014M11";"27";51
"2014M11";"28";61
"2014M11";"29";53
"2014M11";"30";35
"2014M11";"31";-
"2014M12";"1";57
"2014M12";"2";56
"2014M12";"3";59
"2014M12";"4";52
"2014M12";"5";56
"2014M12";"6";35
"2014M12";"7";42
"2014M12";"8";64
"2014M12";"9";64
"2014M12";"10";37
"2014M12";"11";54
"2014M12";"12";63
"2014M12";"13";38
"2014M12";"14";33
"2014M12";"15";56
"2014M12";"16";66
"2014M12";"17";63
"2014M12";"18";61
"2014M12";"19";60
"2014M12";"20";41
"2014M12";"21";44
"2014M12";"22";64
"2014M12";"23";58
"2014M12";"24";62
"2014M12";"25";43
"2014M12";"26";45
"2014M12";"27";42
"2014M12";"28";54
"2014M12";"29";57
"2014M12";"30";53
"2014M12";"31";52
"2015M01";"1";38
"2015M01";"2";65
"2015M01";"3";59
"2015M01";"4";53
"2015M01";"5";63
"2015M01";"6";67
"2015M01";"7";53
"2015M01";"8";59
"2015M01";"9";54
"2015M01";"10";44
"2015M01";"11";37
"2015M01";"12";56
"2015M01";"13";67
"2015M01";"14";63
"2015M01";"15";63
"2015M01";"16";74
"2015M01";"17";54
"2015M01";"18";47
"2015M01";"19";58
"2015M01";"20";66
"2015M01";"21";63
"2015M01";"22";56
"2015M01";"23";61
"2015M01";"24";41
"2015M01";"25";38
"2015M01";"26";63
"2015M01";"27";51
"2015M01";"28";44
"2015M01";"29";59
"2015M01";"30";67
"2015M01";"31";46
"2015M02";"1";43
"2015M02";"2";71
"2015M02";"3";59
"2015M02";"4";56
"2015M02";"5";68
"2015M02";"6";64
"2015M02";"7";51
"2015M02";"8";41
"2015M02";"9";66
"2015M02";"10";58
"2015M02";"11";53
"2015M02";"12";69
"2015M02";"13";50
"2015M02";"14";44
"2015M02";"15";40
"2015M02";"16";49
"2015M02";"17";67
"2015M02";"18";64
"2015M02";"19";48
"2015M02";"20";62
"2015M02";"21";42
"2015M02";"22";48
"2015M02";"23";68
"2015M02";"24";61
"2015M02";"25";61
"2015M02";"26";55
"2015M02";"27";63
"2015M02";"28";39
"2015M02";"29";-
"2015M02";"30";-
"2015M02";"31";-
"2015M03";"1";36
"2015M03";"2";49
"2015M03";"3";61
"2015M03";"4";55
"2015M03";"5";63
"2015M03";"6";80
"2015M03";"7";29
"2015M03";"8";44
"2015M03";"9";44
"2015M03";"10";67
"2015M03";"11";52
"2015M03";"12";57
"2015M03";"13";60
"2015M03";"14";39
"2015M03";"15";48
"2015M03";"16";51
"2015M03";"17";66
"2015M03";"18";63
"2015M03";"19";59
"2015M03";"20";56
"2015M03";"21";35
"2015M03";"22";36
"2015M03";"23";51
"2015M03";"24";59
"2015M03";"25";51
"2015M03";"26";33
"2015M03";"27";54
"2015M03";"28";51
"2015M03";"29";40
"2015M03";"30";43
"2015M03";"31";67
"2015M04";"1";52
"2015M04";"2";43
"2015M04";"3";59
"2015M04";"4";40
"2015M04";"5";38
"2015M04";"6";51
"2015M04";"7";59
"2015M04";"8";66
"2015M04";"9";55
"2015M04";"10";89
"2015M04";"11";39
"2015M04";"12";37
"2015M04";"13";65
"2015M04";"14";62
"2015M04";"15";58
"2015M04";"16";61
"2015M04";"17";67
"2015M04";"18";45
"2015M04";"19";45
"2015M04";"20";75
"2015M04";"21";55
"2015M04";"22";53
"2015M04";"23";62
"2015M04";"24";65
"2015M04";"25";44
"2015M04";"26";44
"2015M04";"27";54
"2015M04";"28";47
"2015M04";"29";70
"2015M04";"30";62
"2015M04";"31";-
"2015M05";"1";49
"2015M05";"2";55
"2015M05";"3";49
"2015M05";"4";82
"2015M05";"5";62
"2015M05";"6";61
"2015M05";"7";57
"2015M05";"8";66
"2015M05";"9";54
"2015M05";"10";54
"2015M05";"11";68
"2015M05";"12";60
"2015M05";"13";75
"2015M05";"14";69
"2015M05";"15";68
"2015M05";"16";46
"2015M05";"17";48
"2015M05";"18";53
"2015M05";"19";56
"2015M05";"20";65
"2015M05";"21";52
"2015M05";"22";66
"2015M05";"23";49
"2015M05";"24";54
"2015M05";"25";85
"2015M05";"26";59
"2015M05";"27";52
"2015M05";"28";55
"2015M05";"29";56
"2015M05";"30";51
"2015M05";"31";50
"2015M06";"1";66
"2015M06";"2";66
"2015M06";"3";59
"2015M06";"4";62
"2015M06";"5";58
"2015M06";"6";52
"2015M06";"7";39
"2015M06";"8";64
"2015M06";"9";66
"2015M06";"10";56
"2015M06";"11";61
"2015M06";"12";67
"2015M06";"13";45
"2015M06";"14";33
"2015M06";"15";76
"2015M06";"16";71
"2015M06";"17";70
"2015M06";"18";72
"2015M06";"19";56
"2015M06";"20";54
"2015M06";"21";47
"2015M06";"22";59
"2015M06";"23";55
"2015M06";"24";83
"2015M06";"25";65
"2015M06";"26";67
"2015M06";"27";54
"2015M06";"28";51
"2015M06";"29";60
"2015M06";"30";68
"2015M06";"31";-
"2015M07";"1";64
"2015M07";"2";76
"2015M07";"3";74
"2015M07";"4";50
"2015M07";"5";51
"2015M07";"6";82
"2015M07";"7";75
"2015M07";"8";78
"2015M07";"9";54
"2015M07";"10";61
"2015M07";"11";49
"2015M07";"12";50
"2015M07";"13";61
"2015M07";"14";67
"2015M07";"15";65
"2015M07";"16";57
"2015M07";"17";65
"2015M07";"18";48
"2015M07";"19";52
"2015M07";"20";61
"2015M07";"21";71
"2015M07";"22";58
"2015M07";"23";50
"2015M07";"24";63
"2015M07";"25";40
"2015M07";"26";52
"2015M07";"27";69
"2015M07";"28";54
"2015M07";"29";66
"2015M07";"30";76
"2015M07";"31";71
"2015M08";"1";53
"2015M08";"2";42
"2015M08";"3";60
"2015M08";"4";49
"2015M08";"5";70
"2015M08";"6";58
"2015M08";"7";75
"2015M08";"8";64
"2015M08";"9";40
"2015M08";"10";50
"2015M08";"11";73
"2015M08";"12";67
"2015M08";"13";47
"2015M08";"14";59
"2015M08";"15";57
"2015M08";"16";46
"2015M08";"17";69
"2015M08";"18";73
"2015M08";"19";67
"2015M08";"20";70
"2015M08";"21";58
"2015M08";"22";54
"2015M08";"23";48
"2015M08";"24";61
"2015M08";"25";73
"2015M08";"26";58
"2015M08";"27";51
"2015M08";"28";58
"2015M08";"29";48
"2015M08";"30";54
"2015M08";"31";68
"2015M09";"1";58
"2015M09";"2";63
"2015M09";"3";58
"2015M09";"4";59
"2015M09";"5";50
"2015M09";"6";44
"2015M09";"7";68
"2015M09";"8";73
"2015M09";"9";62
"2015M09";"10";67
"2015M09";"11";56
"2015M09";"12";39
"2015M09";"13";38
"2015M09";"14";58
"2015M09";"15";58
"2015M09";"16";64
"2015M09";"17";47
"2015M09";"18";69
"2015M09";"19";38
"2015M09";"20";60
"2015M09";"21";65
"2015M09";"22";79
"2015M09";"23";81
"2015M09";"24";70
"2015M09";"25";83
"2015M09";"26";54
"2015M09";"27";48
"2015M09";"28";54
"2015M09";"29";74
"2015M09";"30";70
"2015M09";"31";-
"2015M10";"1";77
"2015M10";"2";67
"2015M10";"3";54
"2015M10";"4";48
"2015M10";"5";72
"2015M10";"6";71
"2015M10";"7";78
"2015M10";"8";63
"2015M10";"9";56
"2015M10";"10";55
"2015M10";"11";36
"2015M10";"12";68
"2015M10";"13";54
"2015M10";"14";50
"2015M10";"15";46
"2015M10";"16";57
"2015M10";"17";59
"2015M10";"18";40
"2015M10";"19";57
"2015M10";"20";53
"2015M10";"21";62
"2015M10";"22";65
"2015M10";"23";60
"2015M10";"24";35
"2015M10";"25";47
"2015M10";"26";59
"2015M10";"27";63
"2015M10";"28";50
"2015M10";"29";55
"2015M10";"30";52
"2015M10";"31";50
"2015M11";"1";39
"2015M11";"2";68
"2015M11";"3";51
"2015M11";"4";52
"2015M11";"5";56
"2015M11";"6";63
"2015M11";"7";51
"2015M11";"8";42
"2015M11";"9";55
"2015M11";"10";58
"2015M11";"11";56
"2015M11";"12";46
"2015M11";"13";60
"2015M11";"14";46
"2015M11";"15";52
"2015M11";"16";56
"2015M11";"17";67
"2015M11";"18";51
"2015M11";"19";60
"2015M11";"20";69
"2015M11";"21";44
"2015M11";"22";51
"2015M11";"23";65
"2015M11";"24";47
"2015M11";"25";58
"2015M11";"26";46
"2015M11";"27";53
"2015M11";"28";36
"2015M11";"29";50
"2015M11";"30";60
"2015M11";"31";-
"2015M12";"1";42
"2015M12";"2";56
"2015M12";"3";53
"2015M12";"4";68
"2015M12";"5";48
"2015M12";"6";53
"2015M12";"7";62
"2015M12";"8";46
"2015M12";"9";46
"2015M12";"10";55
"2015M12";"11";62
"2015M12";"12";39
"2015M12";"13";42
"2015M12";"14";63
"2015M12";"15";65
"2015M12";"16";66
"2015M12";"17";60
"2015M12";"18";46
"2015M12";"19";43
"2015M12";"20";46
"2015M12";"21";53
"2015M12";"22";51
"2015M12";"23";59
"2015M12";"24";39
"2015M12";"25";36
"2015M12";"26";36
"2015M12";"27";42
"2015M12";"28";44
"2015M12";"29";44
"2015M12";"30";49
"2015M12";"31";45
"2016M01";"1";42
"2016M01";"2";51
"2016M01";"3";41
"2016M01";"4";57
"2016M01";"5";56
"2016M01";"6";67
"2016M01";"7";51
"2016M01";"8";66
"2016M01";"9";45
"2016M01";"10";40
"2016M01";"11";57
"2016M01";"12";57
"2016M01";"13";59
"2016M01";"14";66
"2016M01";"15";45
"2016M01";"16";57
"2016M01";"17";48
"2016M01";"18";68
"2016M01";"19";62
"2016M01";"20";66
"2016M01";"21";68
"2016M01";"22";76
"2016M01";"23";49
"2016M01";"24";41
"2016M01";"25";57
"2016M01";"26";60
"2016M01";"27";54
"2016M01";"28";48
"2016M01";"29";57
"2016M01";"30";42
"2016M01";"31";49
"2016M02";"1";54
"2016M02";"2";64
"2016M02";"3";60
"2016M02";"4";49
"2016M02";"5";64
"2016M02";"6";46
"2016M02";"7";52
"2016M02";"8";46
"2016M02";"9";62
"2016M02";"10";62
"2016M02";"11";39
"2016M02";"12";55
"2016M02";"13";46
"2016M02";"14";48
"2016M02";"15";62
"2016M02";"16";52
"2016M02";"17";61
"2016M02";"18";47
"2016M02";"19";43
"2016M02";"20";39
"2016M02";"21";37
"2016M02";"22";65
"2016M02";"23";65
"2016M02";"24";56
"2016M02";"25";56
"2016M02";"26";75
"2016M02";"27";47
"2016M02";"28";35
"2016M02";"29";42
"2016M02";"30";-
"2016M02";"31";-
"2016M03";"1";66
"2016M03";"2";63
"2016M03";"3";62
"2016M03";"4";66
"2016M03";"5";39
"2016M03";"6";34
"2016M03";"7";62
"2016M03";"8";63
"2016M03";"9";57
"2016M03";"10";57
"2016M03";"11";54
"2016M03";"12";41
"2016M03";"13";52
"2016M03";"14";62
"2016M03";"15";51
"2016M03";"16";68
"2016M03";"17";51
"2016M03";"18";50
"2016M03";"19";48
"2016M03";"20";35
"2016M03";"21";47
"2016M03";"22";57
"2016M03";"23";60
"2016M03";"24";49
"2016M03";"25";73
"2016M03";"26";62
"2016M03";"27";44
"2016M03";"28";39
"2016M03";"29";59
"2016M03";"30";53
"2016M03";"31";60
"2016M04";"1";60
"2016M04";"2";59
"2016M04";"3";50
"2016M04";"4";62
"2016M04";"5";67
"2016M04";"6";51
"2016M04";"7";59
"2016M04";"8";64
"2016M04";"9";54
"2016M04";"10";37
"2016M04";"11";49
"2016M04";"12";55
"2016M04";"13";54
"2016M04";"14";56
"2016M04";"15";73
"2016M04";"16";48
"2016M04";"17";50
"2016M04";"18";52
"2016M04";"19";54
"2016M04";"20";57
"2016M04";"21";56
"2016M04";"22";63
"2016M04";"23";49
"2016M04";"24";36
"2016M04";"25";39
"2016M04";"26";60
"2016M04";"27";41
"2016M04";"28";59
"2016M04";"29";61
"2016M04";"30";55
"2016M04";"31";-
"2016M05";"1";42
"2016M05";"2";56
"2016M05";"3";49
"2016M05";"4";71
"2016M05";"5";56
"2016M05";"6";55
"2016M05";"7";39
"2016M05";"8";45
"2016M05";"9";68
"2016M05";"10";66
"2016M05";"11";45
"2016M05";"12";65
"2016M05";"13";48
"2016M05";"14";40
"2016M05";"15";40
"2016M05";"16";66
"2016M05";"17";55
"2016M05";"18";68
"2016M05";"19";57
"2016M05";"20";61
"2016M05";"21";44
"2016M05";"22";57
"2016M05";"23";68
"2016M05";"24";49
"2016M05";"25";57
"2016M05";"26";68
"2016M05";"27";53
"2016M05";"28";47
"2016M05";"29";59
"2016M05";"30";65
"2016M05";"31";57
"2016M06";"1";56
"2016M06";"2";66
"2016M06";"3";67
"2016M06";"4";35
"2016M06";"5";44
"2016M06";"6";62
"2016M06";"7";58
"2016M06";"8";67
"2016M06";"9";60
"2016M06";"10";64
"2016M06";"11";42
"2016M06";"12";35
"2016M06";"13";68
"2016M06";"14";55
"2016M06";"15";59
"2016M06";"16";54
"2016M06";"17";55
"2016M06";"18";46
"2016M06";"19";37
"2016M06";"20";70
"2016M06";"21";62
"2016M06";"22";80
"2016M06";"23";73
"2016M06";"24";58
"2016M06";"25";47
"2016M06";"26";55
"2016M06";"27";60
"2016M06";"28";54
"2016M06";"29";59
"2016M06";"30";62
"2016M06";"31";-
"2016M07";"1";60
"2016M07";"2";46
"2016M07";"3";40
"2016M07";"4";60
"2016M07";"5";68
"2016M07";"6";57
"2016M07";"7";56
"2016M07";"8";83
"2016M07";"9";58
"2016M07";"10";51
"2016M07";"11";51
"2016M07";"12";52
"2016M07";"13";65
"2016M07";"14";65
"2016M07";"15";69
"2016M07";"16";52
"2016M07";"17";37
"2016M07";"18";72
"2016M07";"19";82
"2016M07";"20";83
"2016M07";"21";83
"2016M07";"22";65
"2016M07";"23";41
"2016M07";"24";57
"2016M07";"25";67
"2016M07";"26";54
"2016M07";"27";74
"2016M07";"28";73
"2016M07";"29";78
"2016M07";"30";46
"2016M07";"31";53
"2016M08";"1";64
"2016M08";"2";53
"2016M08";"3";66
"2016M08";"4";61
"2016M08";"5";70
"2016M08";"6";51
"2016M08";"7";42
"2016M08";"8";72
"2016M08";"9";54
"2016M08";"10";55
"2016M08";"11";58
"2016M08";"12";66
"2016M08";"13";58
"2016M08";"14";61
"2016M08";"15";52
"2016M08";"16";68
"2016M08";"17";72
"2016M08";"18";53
"2016M08";"19";56
"2016M08";"20";53
"2016M08";"21";57
"2016M08";"22";72
"2016M08";"23";75
"2016M08";"24";61
"2016M08";"25";55
"2016M08";"26";68
"2016M08";"27";56
"2016M08";"28";56
"2016M08";"29";50
"2016M08";"30";71
"2016M08";"31";56
"2016M09";"1";58
"2016M09";"2";79
"2016M09";"3";45
"2016M09";"4";39
"2016M09";"5";71
"2016M09";"6";68
"2016M09";"7";62
"2016M09";"8";62
"2016M09";"9";71
"2016M09";"10";43
"2016M09";"11";40
"2016M09";"12";92
"2016M09";"13";42
"2016M09";"14";74
"2016M09";"15";66
"2016M09";"16";71
"2016M09";"17";59
"2016M09";"18";56
"2016M09";"19";78
"2016M09";"20";79
"2016M09";"21";67
"2016M09";"22";54
"2016M09";"23";67
"2016M09";"24";55
"2016M09";"25";52
"2016M09";"26";60
"2016M09";"27";52
"2016M09";"28";58
"2016M09";"29";56
"2016M09";"30";76
"2016M09";"31";-
"2016M10";"1";55
"2016M10";"2";48
"2016M10";"3";76
"2016M10";"4";67
"2016M10";"5";56
"2016M10";"6";55
"2016M10";"7";69
"2016M10";"8";38
"2016M10";"9";42
"2016M10";"10";73
"2016M10";"11";57
"2016M10";"12";54
"2016M10";"13";50
"2016M10";"14";58
"2016M10";"15";36
"2016M10";"16";54
"2016M10";"17";54
"2016M10";"18";34
"2016M10";"19";62
"2016M10";"20";49
"2016M10";"21";73
"2016M10";"22";53
"2016M10";"23";45
"2016M10";"24";51
"2016M10";"25";48
"2016M10";"26";47
"2016M10";"27";66
"2016M10";"28";63
"2016M10";"29";55
"2016M10";"30";35
"2016M10";"31";53
"2016M11";"1";33
"2016M11";"2";71
"2016M11";"3";64
"2016M11";"4";59
"2016M11";"5";39
"2016M11";"6";43
"2016M11";"7";62
"2016M11";"8";75
"2016M11";"9";55
"2016M11";"10";54
"2016M11";"11";58
"2016M11";"12";51
"2016M11";"13";39
"2016M11";"14";37
"2016M11";"15";57
"2016M11";"16";52
"2016M11";"17";69
"2016M11";"18";49
"2016M11";"19";40
"2016M11";"20";44
"2016M11";"21";53
"2016M11";"22";48
"2016M11";"23";53
"2016M11";"24";46
"2016M11";"25";46
"2016M11";"26";39
"2016M11";"27";49
"2016M11";"28";63
"2016M11";"29";51
"2016M11";"30";46
"2016M11";"31";-
"2016M12";"1";60
"2016M12";"2";59
"2016M12";"3";48
"2016M12";"4";41
"2016M12";"5";55
"2016M12";"6";58
"2016M12";"7";53
"2016M12";"8";51
"2016M12";"9";48
"2016M12";"10";56
"2016M12";"11";34
"2016M12";"12";40
"2016M12";"13";59
"2016M12";"14";47
"2016M12";"15";49
"2016M12";"16";62
"2016M12";"17";41
"2016M12";"18";32
"2016M12";"19";57
"2016M12";"20";50
"2016M12";"21";54
"2016M12";"22";54
"2016M12";"23";62
"2016M12";"24";37
"2016M12";"25";36
"2016M12";"26";41
"2016M12";"27";49
"2016M12";"28";62
"2016M12";"29";51
"2016M12";"30";48
"2016M12";"31";47
"2017M01";"1";37
"2017M01";"2";37
"2017M01";"3";54
"2017M01";"4";65
"2017M01";"5";46
"2017M01";"6";67
"2017M01";"7";44
"2017M01";"8";40
"2017M01";"9";55
"2017M01";"10";56
"2017M01";"11";68
"2017M01";"12";62
"2017M01";"13";57
"2017M01";"14";36
"2017M01";"15";34
"2017M01";"16";62
"2017M01";"17";55
"2017M01";"18";53
"2017M01";"19";65
"2017M01";"20";51
"2017M01";"21";53
"2017M01";"22";38
"2017M01";"23";54
"2017M01";"24";79
"2017M01";"25";61
"2017M01";"26";51
"2017M01";"27";60
"2017M01";"28";45
"2017M01";"29";39
"2017M01";"30";54
"2017M01";"31";48
"2017M02";"1";49
"2017M02";"2";67
"2017M02";"3";46
"2017M02";"4";43
"2017M02";"5";42
"2017M02";"6";70
"2017M02";"7";56
"2017M02";"8";52
"2017M02";"9";73
"2017M02";"10";71
"2017M02";"11";38
"2017M02";"12";30
"2017M02";"13";58
"2017M02";"14";59
"2017M02";"15";61
"2017M02";"16";60
"2017M02";"17";61
"2017M02";"18";44
"2017M02";"19";45
"2017M02";"20";56
"2017M02";"21";56
"2017M02";"22";50
"2017M02";"23";61
"2017M02";"24";60
"2017M02";"25";51
"2017M02";"26";33
"2017M02";"27";58
"2017M02";"28";53
"2017M02";"29";-
"2017M02";"30";-
"2017M02";"31";-
"2017M03";"1";51
"2017M03";"2";40
"2017M03";"3";51
"2017M03";"4";60
"2017M03";"5";46
"2017M03";"6";47
"2017M03";"7";58
"2017M03";"8";71
"2017M03";"9";55
"2017M03";"10";56
"2017M03";"11";42
"2017M03";"12";47
"2017M03";"13";65
"2017M03";"14";71
"2017M03";"15";71
"2017M03";"16";61
"2017M03";"17";52
"2017M03";"18";45
"2017M03";"19";43
"2017M03";"20";55
"2017M03";"21";52
"2017M03";"22";51
"2017M03";"23";58
"2017M03";"24";54
"2017M03";"25";39
"2017M03";"26";31
"2017M03";"27";51
"2017M03";"28";45
"2017M03";"29";46
"2017M03";"30";55
"2017M03";"31";70
"2017M04";"1";45
"2017M04";"2";37
"2017M04";"3";56
"2017M04";"4";57
"2017M04";"5";47
"2017M04";"6";66
"2017M04";"7";54
"2017M04";"8";52
"2017M04";"9";48
"2017M04";"10";47
"2017M04";"11";69
"2017M04";"12";76
"2017M04";"13";51
"2017M04";"14";48
"2017M04";"15";47
"2017M04";"16";33
"2017M04";"17";33
"2017M04";"18";54
"2017M04";"19";79
"2017M04";"20";66
"2017M04";"21";65
"2017M04";"22";53
"2017M04";"23";41
"2017M04";"24";58
"2017M04";"25";66
"2017M04";"26";68
"2017M04";"27";47
"2017M04";"28";72
"2017M04";"29";51
"2017M04";"30";42
"2017M04";"31";-
"2017M05";"1";48
"2017M05";"2";48
"2017M05";"3";66
"2017M05";"4";62
"2017M05";"5";59
"2017M05";"6";40
"2017M05";"7";51
"2017M05";"8";59
"2017M05";"9";48
"2017M05";"10";54
"2017M05";"11";44
"2017M05";"12";68
"2017M05";"13";55
"2017M05";"14";53
"2017M05";"15";49
"2017M05";"16";59
"2017M05";"17";57
"2017M05";"18";57
"2017M05";"19";66
"2017M05";"20";58
"2017M05";"21";38
"2017M05";"22";62
"2017M05";"23";61
"2017M05";"24";66
"2017M05";"25";61
"2017M05";"26";49
"2017M05";"27";57
"2017M05";"28";50
"2017M05";"29";55
"2017M05";"30";61
"2017M05";"31";72
"2017M06";"1";62
"2017M06";"2";77
"2017M06";"3";51
"2017M06";"4";47
"2017M06";"5";62
"2017M06";"6";62
"2017M06";"7";56
"2017M06";"8";58
"2017M06";"9";70
"2017M06";"10";54
"2017M06";"11";49
"2017M06";"12";65
"2017M06";"13";64
"2017M06";"14";62
"2017M06";"15";73
"2017M06";"16";74
"2017M06";"17";44
"2017M06";"18";37
"2017M06";"19";55
"2017M06";"20";59
"2017M06";"21";53
"2017M06";"22";64
"2017M06";"23";72
"2017M06";"24";47
"2017M06";"25";57
"2017M06";"26";52
"2017M06";"27";58
"2017M06";"28";54
"2017M06";"29";61
"2017M06";"30";52
"2017M06";"31";-
"2017M07";"1";48
"2017M07";"2";32
"2017M07";"3";50
"2017M07";"4";61
"2017M07";"5";65
"2017M07";"6";67
"2017M07";"7";78
"2017M07";"8";56
"2017M07";"9";49
"2017M07";"10";80
"2017M07";"11";68
"2017M07";"12";47
"2017M07";"13";67
"2017M07";"14";70
"2017M07";"15";43
"2017M07";"16";61
"2017M07";"17";64
"2017M07";"18";58
"2017M07";"19";63
"2017M07";"20";77
"2017M07";"21";61
"2017M07";"22";62
"2017M07";"23";42
"2017M07";"24";76
"2017M07";"25";57
"2017M07";"26";68
"2017M07";"27";69
"2017M07";"28";81
"2017M07";"29";51
"2017M07";"30";51
"2017M07";"31";62
"2017M08";"1";60
"2017M08";"2";59
"2017M08";"3";62
"2017M08";"4";53
"2017M08";"5";55
"2017M08";"6";57
"2017M08";"7";73
"2017M08";"8";75
"2017M08";"9";69
"2017M08";"10";64
"2017M08";"11";68
"2017M08";"12";56
"2017M08";"13";48
"2017M08";"14";73
"2017M08";"15";48
"2017M08";"16";58
"2017M08";"17";84
"2017M08";"18";77
"2017M08";"19";53
"2017M08";"20";45
"2017M08";"21";53
"2017M08";"22";59
"2017M08";"23";68
"2017M08";"24";67
"2017M08";"25";67
"2017M08";"26";50
"2017M08";"27";31
"2017M08";"28";82
"2017M08";"29";53
"2017M08";"30";67
"2017M08";"31";59
"2017M09";"1";85
"2017M09";"2";48
"2017M09";"3";48
"2017M09";"4";58
"2017M09";"5";56
"2017M09";"6";64
"2017M09";"7";70
"2017M09";"8";62
"2017M09";"9";49
"2017M09";"10";40
"2017M09";"11";61
"2017M09";"12";66
"2017M09";"13";46
"2017M09";"14";54
"2017M09";"15";61
"2017M09";"16";51
"2017M09";"17";60
"2017M09";"18";45
"2017M09";"19";68
"2017M09";"20";60
"2017M09";"21";61
"2017M09";"22";73
"2017M09";"23";49
"2017M09";"24";41
"2017M09";"25";67
"2017M09";"26";68
"2017M09";"27";67
"2017M09";"28";62
"2017M09";"29";77
"2017M09";"30";48
"2017M09";"31";-
"2017M10";"1";55
"2017M10";"2";72
"2017M10";"3";57
"2017M10";"4";57
"2017M10";"5";72
"2017M10";"6";49
"2017M10";"7";48
"2017M10";"8";46
"2017M10";"9";56
"2017M10";"10";58
"2017M10";"11";52
"2017M10";"12";66
"2017M10";"13";67
"2017M10";"14";46
"2017M10";"15";50
"2017M10";"16";64
"2017M10";"17";68
"2017M10";"18";59
"2017M10";"19";63
"2017M10";"20";58
"2017M10";"21";34
"2017M10";"22";48
"2017M10";"23";59
"2017M10";"24";58
"2017M10";"25";61
"2017M10";"26";62
"2017M10";"27";56
"2017M10";"28";54
"2017M10";"29";42
"2017M10";"30";57
"2017M10";"31";59
"2017M11";"1";45
"2017M11";"2";59
"2017M11";"3";71
"2017M11";"4";46
"2017M11";"5";36
"2017M11";"6";58
"2017M11";"7";63
"2017M11";"8";51
"2017M11";"9";64
"2017M11";"10";65
"2017M11";"11";58
"2017M11";"12";35
"2017M11";"13";47
"2017M11";"14";49
"2017M11";"15";60
"2017M11";"16";46
"2017M11";"17";58
"2017M11";"18";35
"2017M11";"19";32
"2017M11";"20";38
"2017M11";"21";48
"2017M11";"22";51
"2017M11";"23";50
"2017M11";"24";56
"2017M11";"25";54
"2017M11";"26";42
"2017M11";"27";58
"2017M11";"28";49
"2017M11";"29";63
"2017M11";"30";61
"2017M11";"31";-
"2017M12";"1";54
"2017M12";"2";37
"2017M12";"3";24
"2017M12";"4";40
"2017M12";"5";66
"2017M12";"6";47
"2017M12";"7";62
"2017M12";"8";58
"2017M12";"9";37
"2017M12";"10";48
"2017M12";"11";59
"2017M12";"12";42
"2017M12";"13";63
"2017M12";"14";58
"2017M12";"15";67
"2017M12";"16";38
"2017M12";"17";35
"2017M12";"18";57
"2017M12";"19";53
"2017M12";"20";42
"2017M12";"21";54
"2017M12";"22";57
"2017M12";"23";43
"2017M12";"24";48
"2017M12";"25";45
"2017M12";"26";41
"2017M12";"27";53
"2017M12";"28";58
"2017M12";"29";46
"2017M12";"30";43
"2017M12";"31";43
"2018M01";"1";54
"2018M01";"2";38
"2018M01";"3";48
"2018M01";"4";56
"2018M01";"5";65
"2018M01";"6";46
"2018M01";"7";37
"2018M01";"8";61
"2018M01";"9";55
"2018M01";"10";57
"2018M01";"11";55
"2018M01";"12";67
"2018M01";"13";44
"2018M01";"14";50
"2018M01";"15";49
"2018M01";"16";40
"2018M01";"17";57
"2018M01";"18";39
"2018M01";"19";65
"2018M01";"20";48
"2018M01";"21";43
"2018M01";"22";63
"2018M01";"23";53
"2018M01";"24";61
"2018M01";"25";61
"2018M01";"26";51
"2018M01";"27";45
"2018M01";"28";50
"2018M01";"29";56
"2018M01";"30";55
"2018M01";"31";59
"2018M02";"1";59
"2018M02";"2";65
"2018M02";"3";48
"2018M02";"4";39
"2018M02";"5";55
"2018M02";"6";63
"2018M02";"7";54
"2018M02";"8";45
"2018M02";"9";57
"2018M02";"10";48
"2018M02";"11";49
"2018M02";"12";68
"2018M02";"13";49
"2018M02";"14";56
"2018M02";"15";54
"2018M02";"16";67
"2018M02";"17";55
"2018M02";"18";43
"2018M02";"19";47
"2018M02";"20";49
"2018M02";"21";57
"2018M02";"22";52
"2018M02";"23";47
"2018M02";"24";46
"2018M02";"25";40
"2018M02";"26";53
"2018M02";"27";51
"2018M02";"28";48
"2018M02";"29";-
"2018M02";"30";-
"2018M02";"31";-
"2018M03";"1";61
"2018M03";"2";48
"2018M03";"3";52
"2018M03";"4";41
"2018M03";"5";67
"2018M03";"6";49
"2018M03";"7";57
"2018M03";"8";56
"2018M03";"9";52
"2018M03";"10";32
"2018M03";"11";48
"2018M03";"12";48
"2018M03";"13";72
"2018M03";"14";52
"2018M03";"15";46
"2018M03";"16";56
"2018M03";"17";38
"2018M03";"18";41
"2018M03";"19";59
"2018M03";"20";54
"2018M03";"21";48
"2018M03";"22";47
"2018M03";"23";57
"2018M03";"24";36
"2018M03";"25";42
"2018M03";"26";66
"2018M03";"27";57
"2018M03";"28";64
"2018M03";"29";63
"2018M03";"30";58
"2018M03";"31";44
"2018M04";"1";30
"2018M04";"2";41
"2018M04";"3";61
"2018M04";"4";54
"2018M04";"5";55
"2018M04";"6";61
"2018M04";"7";38
"2018M04";"8";42
"2018M04";"9";56
"2018M04";"10";61
"2018M04";"11";41
"2018M04";"12";56
"2018M04";"13";52
"2018M04";"14";40
"2018M04";"15";37
"2018M04";"16";52
"2018M04";"17";43
"2018M04";"18";62
"2018M04";"19";59
"2018M04";"20";60
"2018M04";"21";46
"2018M04";"22";42
"2018M04";"23";51
"2018M04";"24";81
"2018M04";"25";53
"2018M04";"26";66
"2018M04";"27";48
"2018M04";"28";41
"2018M04";"29";48
"2018M04";"30";48
"2018M04";"31";-
"2018M05";"1";49
"2018M05";"2";42
"2018M05";"3";58
"2018M05";"4";61
"2018M05";"5";61
"2018M05";"6";44
"2018M05";"7";56
"2018M05";"8";57
"2018M05";"9";60
"2018M05";"10";61
"2018M05";"11";73
"2018M05";"12";36
"2018M05";"13";38
"2018M05";"14";58
"2018M05";"15";53
"2018M05";"16";58
"2018M05";"17";72
"2018M05";"18";43
"2018M05";"19";42
"2018M05";"20";48
"2018M05";"21";56
"2018M05";"22";47
"2018M05";"23";63
"2018M05";"24";67
"2018M05";"25";57
"2018M05";"26";45
"2018M05";"27";39
"2018M05";"28";54
"2018M05";"29";64
"2018M05";"30";63
"2018M05";"31";55
"2018M06";"1";76
"2018M06";"2";35
"2018M06";"3";39
"2018M06";"4";65
"2018M06";"5";62
"2018M06";"6";62
"2018M06";"7";54
"2018M06";"8";57
"2018M06";"9";47
"2018M06";"10";49
"2018M06";"11";51
"2018M06";"12";51
"2018M06";"13";54
"2018M06";"14";54
"2018M06";"15";68
"2018M06";"16";56
"2018M06";"17";41
"2018M06";"18";64
"2018M06";"19";69
"2018M06";"20";64
"2018M06";"21";54
"2018M06";"22";71
"2018M06";"23";33
"2018M06";"24";44
"2018M06";"25";49
"2018M06";"26";60
"2018M06";"27";72
"2018M06";"28";57
"2018M06";"29";68
"2018M06";"30";54
"2018M06";"31";-
"2018M07";"1";45
"2018M07";"2";54
"2018M07";"3";68
"2018M07";"4";72
"2018M07";"5";83
"2018M07";"6";61
"2018M07";"7";48
"2018M07";"8";45
"2018M07";"9";69
"2018M07";"10";61
"2018M07";"11";65
"2018M07";"12";56
"2018M07";"13";71
"2018M07";"14";46
"2018M07";"15";46
"2018M07";"16";63
"2018M07";"17";79
"2018M07";"18";65
"2018M07";"19";45
"2018M07";"20";44
"2018M07";"21";54
"2018M07";"22";56
"2018M07";"23";59
"2018M07";"24";60
"2018M07";"25";70
"2018M07";"26";61
"2018M07";"27";62
"2018M07";"28";41
"2018M07";"29";38
"2018M07";"30";59
"2018M07";"31";65
"2018M08";"1";62
"2018M08";"2";79
"2018M08";"3";67
"2018M08";"4";51
"2018M08";"5";52
"2018M08";"6";57
"2018M08";"7";66
"2018M08";"8";66
"2018M08";"9";54
"2018M08";"10";66
"2018M08";"11";43
"2018M08";"12";43
"2018M08";"13";56
"2018M08";"14";67
"2018M08";"15";33
"2018M08";"16";67
"2018M08";"17";61
"2018M08";"18";47
"2018M08";"19";51
"2018M08";"20";57
"2018M08";"21";53
"2018M08";"22";59
"2018M08";"23";69
"2018M08";"24";61
"2018M08";"25";43
"2018M08";"26";38
"2018M08";"27";66
"2018M08";"28";62
"2018M08";"29";56
"2018M08";"30";67
"2018M08";"31";55
"2018M09";"1";49
"2018M09";"2";35
"2018M09";"3";64
"2018M09";"4";58
"2018M09";"5";62
"2018M09";"6";57
"2018M09";"7";56
"2018M09";"8";50
"2018M09";"9";40
"2018M09";"10";60
"2018M09";"11";65
"2018M09";"12";68
"2018M09";"13";70
"2018M09";"14";56
"2018M09";"15";41
"2018M09";"16";45
"2018M09";"17";55
"2018M09";"18";69
"2018M09";"19";64
"2018M09";"20";68
"2018M09";"21";72
"2018M09";"22";43
"2018M09";"23";45
"2018M09";"24";53
"2018M09";"25";73
"2018M09";"26";56
"2018M09";"27";64
"2018M09";"28";68
"2018M09";"29";46
"2018M09";"30";38
"2018M09";"31";-
"2018M10";"1";57
"2018M10";"2";45
"2018M10";"3";78
"2018M10";"4";60
"2018M10";"5";74
"2018M10";"6";43
"2018M10";"7";31
"2018M10";"8";63
"2018M10";"9";54
"2018M10";"10";56
"2018M10";"11";60
"2018M10";"12";48
"2018M10";"13";41
"2018M10";"14";38
"2018M10";"15";52
"2018M10";"16";50
"2018M10";"17";56
"2018M10";"18";71
"2018M10";"19";47
"2018M10";"20";52
"2018M10";"21";52
"2018M10";"22";58
"2018M10";"23";54
"2018M10";"24";67
"2018M10";"25";65
"2018M10";"26";64
"2018M10";"27";48
"2018M10";"28";44
"2018M10";"29";48
"2018M10";"30";53
"2018M10";"31";42
"2018M11";"1";33
"2018M11";"2";64
"2018M11";"3";42
"2018M11";"4";50
"2018M11";"5";67
"2018M11";"6";61
"2018M11";"7";57
"2018M11";"8";61
"2018M11";"9";56
"2018M11";"10";53
"2018M11";"11";25
"2018M11";"12";65
"2018M11";"13";54
"2018M11";"14";44
"2018M11";"15";50
"2018M11";"16";62
"2018M11";"17";36
"2018M11";"18";45
"2018M11";"19";57
"2018M11";"20";56
"2018M11";"21";58
"2018M11";"22";52
"2018M11";"23";61
"2018M11";"24";35
"2018M11";"25";45
"2018M11";"26";61
"2018M11";"27";55
"2018M11";"28";59
"2018M11";"29";48
"2018M11";"30";48
"2018M11";"31";-
"2018M12";"1";30
"2018M12";"2";36
"2018M12";"3";55
"2018M12";"4";59
"2018M12";"5";66
"2018M12";"6";54
"2018M12";"7";55
"2018M12";"8";30
"2018M12";"9";34
"2018M12";"10";54
"2018M12";"11";47
"2018M12";"12";50
"2018M12";"13";43
"2018M12";"14";53
"2018M12";"15";42
"2018M12";"16";30
"2018M12";"17";65
"2018M12";"18";54
"2018M12";"19";67
"2018M12";"20";58
"2018M12";"21";57
"2018M12";"22";52
"2018M12";"23";39
"2018M12";"24";56
"2018M12";"25";27
"2018M12";"26";33
"2018M12";"27";51
"2018M12";"28";49
"2018M12";"29";41
"2018M12";"30";37
"2018M12";"31";67
